Language,English,Abkhazian,Afar,Afrikaans,Albanian,Amharic,Arabic,Aragonese,Armenian,Assamese,Aymara,Azerbaijani,Bashkir,Basque,Bengali(Bangla),Bhutani,Bihari,Bislama,Breton,Bulgarian,Burmese,Byelorussian(Belarusian),Cambodian,Catalan,Chinese,Chinese(simplified),Chinese(traditional),Corsican,Croatian,Czech,Danish,Dutch,Esperanto,Estonian,Faeroese,Farsi,Fiji,Finnish,French,Frisian,Gaelic(Scottish),Gaelic(Manx),Galician,Georgian,German,Greek,Kalaallisut(Greenlandic),Guarani,Gujarati,HaitianCreole,Hausa,Hebrew,Hebrew,Hindi,Hungarian,Icelandic,Ido,Indonesian,Indonesian,Interlingua,Interlingue,Inuktitut,Inupiak,Irish,Italian,Japanese,Javanese,Kannada,Kashmiri,Kazakh,Kinyarwanda(Ruanda),Kirghiz,Kirundi(Rundi),Korean,Kurdish,Laothian,Latin,Latvian(Lettish),Limburgish(Limburger),Lingala,Lithuanian,Macedonian,Malagasy,Malay,Malayalam,Maltese,Maori,Marathi,Moldavian,Mongolian,Nauru,Nepali,Norwegian,Occitan,Oriya,Oromo(AfanGalla),Pashto(Pushto),Polish,Portuguese,"Brazilian Portuguese",Punjabi,Quechua,Rhaeto-Romance,Romanian,Russian,Samoan,Sango,Sanskrit,Serbian,Serbo-Croatian,Sesotho,Setswana,Shona,SichuanYi,Sindhi,Sinhalese,Siswati,Slovak,Slovenian,Somali,Spanish,Sundanese,Swahili(Kiswahili),Swedish,Tagalog,Tajik,Tamil,Tatar,Telugu,Thai,Tibetan,Tigrinya,Tonga,Tsonga,Turkish,Turkmen,Twi,Uighur,Ukrainian,Urdu,Uzbek,Vietnamese,Volapük,Wallon,Welsh,Wolof,Xhosa,Yiddish,Yiddish,Yoruba,Zulu
ISO639-1Code,en,ab,aa,af,sq,am,ar,an,hy,as,ay,az,ba,eu,bn,dz,bh,bi,br,bg,my,be,km,ca,zh,zh-Hans,zh-Hant,co,hr,cs,da,nl,eo,et,fo,fa,fj,fi,fr,fy,gd,gv,gl,ka,de,el,kl,gn,gu,ht,ha,he,iw,hi,hu,is,io,id,in,ia,ie,iu,ik,ga,it,ja,jv,kn,ks,kk,rw,ky,rn,ko,ku,lo,la,lv,li,ln,lt,mk,mg,ms,ml,mt,mi,mr,mo,mn,na,ne,no,oc,or,om,ps,pl,pt,pt-BR,pa,qu,rm,ro,ru,sm,sg,sa,sr,sh,st,tn,sn,ii,sd,si,ss,sk,sl,so,es,su,sw,sv,tl,tg,ta,tt,te,th,bo,ti,to,ts,tr,tk,tw,ug,uk,ur,uz,vi,vo,wa,cy,wo,xh,yi,ji,yo,zu
auth.back-to-login,"Back to Login",,,,,,,,,,,,,,,,,,,,,,,,,返回登陆界面,,,,"Zpět na přihlášení",,,,,,,,,"Se connecter",,,,,,,,,,,,,,,,,,,,,,,,,,,,,,,,,,,,,,,,,,,,,,,,,,,,,,,,,,,"Powrót do logowania",,,,,,,"Вернуться к авторизации",,,,,,,,,,,,,,,,,,,,,,,,,,,,,,,,,,,,,,,,,,,,,,
auth.choose-password,"Choose password",,,,,,,,,,,,,,,,,,,,,,,,,选择密码,,,,"Vyberte heslo",,,,,,,,,"Choisir un mot de passe",,,,,,,,,,,,,,,,,,,,,,,,,,,,,,,,,,,,,,,,,,,,,,,,,,,,,,,,,,,"Wybierz hasło",,,,,,,"Введите пароль",,,,,,,,,,,,,,,,,,,,,,,,,,,,,,,,,,,,,,,,,,,,,,
auth.email,Email,,,,,,,,,,,,,,,,,,,,,,,,,邮箱,,,,E-mail,,E-mail,,,,,,,Email,,,,,,Email,,,,,,,,,,,,,,,,,,,,Email,,,,,,,,,,,,,,,,,,,,,,,,,,,,Epost,,,,,"Adres e-mail","Correio eletrónico",E-mail,,,,,Email,,,,,,,,,,,,,,,,Email,,,,,,,,,,,,,,,,,,,,,,,,,,,,,,
auth.forgot-password,"Forgot password",,,,,,,,,,,,,,,,,,,,,,,,,忘记密码,,,,"Zapomněli jste heslo?",,"Wachtwoord vergeten",,,,,,,"Mot de passe oublié",,,,,,"Passwort vergessen",,,,,,,,,,,,,,,,,,,,"Password dimenticata?",,,,,,,,,,,,,,,,,,,,,,,,,,,,"Glemt passord",,,,,"Zapomniałem hasła","Esqueci a palavra-passe","Esqueci a senha",,,,,"Восстановить пароль",,,,,,,,,,,,,,,,"Recuperar contraseña",,,,,,,,,,,,,,,,,,,,,,,,,,,,,,
auth.login,Login,,,,,,,,,,,,,,,,,,,,,,,,,登陆,,,,Přihlášení,,Login,,,,,,,"Se connecter",,,,,,Anmelden,,,,,,,,,,,,,,,,,,,,Login,,,,,,,,,,,,,,,,,,,,,,,,,,,,"Logg inn",,,,,"Zaloguj się","Fazer login","Fazer login",,,,,Войти,,,,,,,,,,,,,,,,"Iniciar sesión",,,,,,,,,,,,,,,,,,,,,,,,,,,,,,
auth.login-title,Login,,,,,,,,,,,,,,,,,,,,,,,,,登陆,,,,Přihlášení,,Login,,,,,,,Connexion,,,,,,Anmelden,,,,,,,,,,,,,,,,,,,,Login,,,,,,,,,,,,,,,,,,,,,,,,,,,,"Logg inn",,,,,Logowanie,Entrar,Entrar,,,,,Войти,,,,,,,,,,,,,,,,"Iniciar sesión",,,,,,,,,,,,,,,,,,,,,,,,,,,,,,
auth.oauth-link-title,"Re-enter your password to link :provider to your account",,,,,,,,,,,,,,,,,,,,,,,,,"重新输入密码将 :provider 连接到你的账户",,,,"Zadejte znovu heslo, abyste ke svému účtu připojili :provider",,,,,,,,,"Entrez à nouveau votre mot de passe pour lier :provider à votre compte",,,,,,,,,,,,,,,,,,,,,,,,,,,,,,,,,,,,,,,,,,,,,,,,,,,,,,,,,,,"Wprowadź hasło ponownie aby połączyć swoje konto z :provider",,,,,,,,,,,,,,,,,,,,,,,,,,,,,,,,,,,,,,,,,,,,,,,,,,,,,
auth.otp,"One-time password",,,,,,,,,,,,,,,,,,,,,,,,,一次性密码,,,,"Jednorázové heslo",,,,,,,,,"Password à usage unique",,,,,,,,,,,,,,,,,,,,,,,,,,,,,,,,,,,,,,,,,,,,,,,,,,,,,,,,,,,"Kod jednorazowy",,,,,,,,,,,,,,,,,,,,,,,,,,,,,,,,,,,,,,,,,,,,,,,,,,,,,
auth.password,Password,,,,,,,,,,,,,,,,,,,,,,,,,密码,,,,Heslo,,Wachtwoord,,,,,,,"Mot de passe",,,,,,Passwort,,,,,,,,,,,,,,,,,,,,Password,,,,,,,,,,,,,,,,,,,,,,,,,,,,Passord,,,,,Hasło,Palavra-passe,Senha,,,,,Пароль,,,,,,,,,,,,,,,,Contraseña,,,,,,,,,,,,,,,,,,,,,,,,,,,,,,
auth.password-confirmation,"Confirm password",,,,,,,,,,,,,,,,,,,,,,,,,确认密码,,,,"Potvrzení hesla",,,,,,,,,"Confirmer le mot de passe",,,,,,,,,,,,,,,,,,,,,,,,,,,,,,,,,,,,,,,,,,,,,,,,,,,,,,,,,,,"Potwierdź hasło",,,,,,,"Повторите пароль",,,,,,,,,,,,,,,,,,,,,,,,,,,,,,,,,,,,,,,,,,,,,,
auth.reset-password,"Reset password",,,,,,,,,,,,,,,,,,,,,,,,,重置密码,,,,"Obnovení hesla",,,,,,,,,"Réinitialisation du mot de passe",,,,,,,,,,,,,,,,,,,,,,,,,,,,,,,,,,,,,,,,,,,,,,,,,,,,,,,,,,,"Zresetuj hasło",,,,,,,,,,,,,,,,,,,,,,,,,,,,,,,,,,,,,,,,,,,,,,,,,,,,,
auth.reset-send,"Send password reset link",,,,,,,,,,,,,,,,,,,,,,,,,发送重置邮件,,,,"Poslat odkaz na obnovu hesla",,,,,,,,,"Envoyer un lien de réinitialisation de mot de passe",,,,,,,,,,,,,,,,,,,,,,,,,,,,,,,,,,,,,,,,,,,,,,,,,,,,,,,,,,,"Wyślij link resetujący hasło",,,,,,,"Отправить ссылку на восстановление пароля",,,,,,,,,,,,,,,,,,,,,,,,,,,,,,,,,,,,,,,,,,,,,,
auth.verify-login,"Verify login",,,,,,,,,,,,,,,,,,,,,,,,,登陆验证,,,,"Ověřit přihlášení",,,,,,,,,"Vérifier la connexion",,,,,,,,,,,,,,,,,,,,,,,,,,,,,,,,,,,,,,,,,,,,,,,,,,,,,,,,,,,"Zweryfikuj tożsamość",,,,,,,,,,,,,,,,,,,,,,,,,,,,,,,,,,,,,,,,,,,,,,,,,,,,,
buckets.intro,"What would you like to feature today?",,,,,,,,,,,,,,,,,,,,,,,,,今天想要展示什么？,,,,"Co byste rádi nabízeli jako doporučené?",,,,,,,,,"Que souhaitez-vous mettre en avant aujourd'hui?",,,,,,,,,,,,,,,,,,,,,,,,,,,,,,,,,,,,,,,,,,,,,,,,,,,,,,,,,,,"Co chciałbyś dzisiaj wyróżnić?",,,,,,,"Что вы хотите показать сегодня?",,,,,,,,,,,,,,,,,,,,,,,,,,,,,,,,,,,,,,,,,,,,,,
buckets.none-available,"No items available.",,,,,,,,,,,,,,,,,,,,,,,,,无可用内容,,,,"Žádné položky k dispozici.",,,,,,,,,"Aucun contenu disponible",,,,,,,,,,,,,,,,,,,,,,,,,,,,,,,,,,,,,,,,,,,,,,,,,,,,,,,,,,,"Nie ma żadnych elementów które mógłbyś wyróżnić.",,,,,,,"Нет доступных вариантов.",,,,,,,,,,,,,,,,,,,,,,,,,,,,,,,,,,,,,,,,,,,,,,
buckets.none-featured,"No items featured.",,,,,,,,,,,,,,,,,,,,,,,,,无展示内容,,,,"Žádné doporučené položky.",,,,,,,,,"Aucun contenu mis en avant",,,,,,,,,,,,,,,,,,,,,,,,,,,,,,,,,,,,,,,,,,,,,,,,,,,,,,,,,,,"Nie wyróżniono żadnych elementów.",,,,,,,,,,,,,,,,,,,,,,,,,,,,,,,,,,,,,,,,,,,,,,,,,,,,,
buckets.publish,Publish,,,,,,,,,,,,,,,,,,,,,,,,,发布,,,,Publikovat,,,,,,,,,Publier,,,,,,,,,,,,,,,,,,,,,,,,,,,,,,,,,,,,,,,,,,,,,,,,,,,,,,,,,,,Opublikuj,,,,,,,Публикация,,,,,,,,,,,,,,,,,,,,,,,,,,,,,,,,,,,,,,,,,,,,,,
buckets.source-title,"Available items",,,,,,,,,,,,,,,,,,,,,,,,,可用内容,,,,"Dostupné položky",,,,,,,,,"Contenu disponible",,,,,,,,,,,,,,,,,,,,,,,,,,,,,,,,,,,,,,,,,,,,,,,,,,,,,,,,,,,"Dostępne elementy",,,,,,,"Доступные варианты",,,,,,,,,,,,,,,,,,,,,,,,,,,,,,,,,,,,,,,,,,,,,,
dashboard.all-activity,"All activity",,,,,,,,,,,,,,,,,,,,,,,,,全部动态,,,,"Veškerá aktivita",,"Alle activiteit",,,,,,,"Toute l’activité",,,,,,"Alle aktivitäten",,,,,,,,,,,,,,,,,,,,"Tutte le attività",,,,,,,,,,,,,,,,,,,,,,,,,,,,"All aktivitet",,,,,"Cała aktywność","Todas as atividades","Todas as atividades",,,,,"Вся активность",,,,,,,,,,,,,,,,"Todas las actividades",,,,,,,,,,,,,,,,,,,,,,,,,,,,,,
dashboard.create-new,"Create new",,,,,,,,,,,,,,,,,,,,,,,,,创建新的,,,,"Vytvořit nový",,"Nieuw maken",,,,,,,Créer,,,,,,"Neu erstellen",,,,,,,,,,,,,,,,,,,,"Crea nuovo",,,,,,,,,,,,,,,,,,,,,,,,,,,,"Opprett ny",,,,,"Utwórz nowy","Criar nova","Criar nova",,,,,Создать,,,,,,,,,,,,,,,,"Crear nuevo",,,,,,,,,,,,,,,,,,,,,,,,,,,,,,
dashboard.empty-message,"You don't have any activity yet.",,,,,,,,,,,,,,,,,,,,,,,,,没有新动态,,,,"Nemáte zatím žádnou zaznamenanou aktivitu.",,"U heeft nog geen activiteiten.",,,,,,,"Vous n'avez aucune activité pour le moment.",,,,,,"Du hast noch keine Aktivitäten.",,,,,,,,,,,,,,,,,,,,"Non hai ancora nessuna attività",,,,,,,,,,,,,,,,,,,,,,,,,,,,"Du har ikke hatt noe aktivitet ennå.",,,,,"Nie masz jeszcze żadnej aktywności.","Você ainda não tem atividades.","Você ainda não tem atividades.",,,,,"У вас еще нет активности.",,,,,,,,,,,,,,,,"Todavía no hay registro de actividades.",,,,,,,,,,,,,,,,,,,,,,,,,,,,,,
dashboard.my-activity,"My activity",,,,,,,,,,,,,,,,,,,,,,,,,我的动态,,,,"Moje aktivita",,"Mijn activiteit",,,,,,,"Mon activité",,,,,,"Meine Aktivitäten",,,,,,,,,,,,,,,,,,,,"Le mie attività",,,,,,,,,,,,,,,,,,,,,,,,,,,,"Min aktivitet",,,,,"Moja aktywność","Suas atividades","Suas atividades",,,,,"Моя активность",,,,,,,,,,,,,,,,"Mi actividad",,,,,,,,,,,,,,,,,,,,,,,,,,,,,,
dashboard.my-drafts,"My drafts",,,,,,,,,,,,,,,,,,,,,,,,,我的草稿,,,,"Moje koncepty",,"Mijn concepten",,,,,,,"Mes brouillons",,,,,,"Meine Entwürfe",,,,,,,,,,,,,,,,,,,,"Le mie bozze",,,,,,,,,,,,,,,,,,,,,,,,,,,,"Mine kladder",,,,,"Moje wersje robocze","Meus rascunhos","Meus rascunhos",,,,,"Мои черновики",,,,,,,,,,,,,,,,"Mis borradores",,,,,,,,,,,,,,,,,,,,,,,,,,,,,,
dashboard.search-placeholder,"Search everything...",,,,,,,,,,,,,,,,,,,,,,,,,搜索,,,,"Hledat všude...",,"Zoek in alles...",,,,,,,Rechercher...,,,,,,"Alles durchsuchen ...",,,,,,,,,,,,,,,,,,,,"Ricerca in tutto il database...",,,,,,,,,,,,,,,,,,,,,,,,,,,,"Søk alt...",,,,,"Szukaj na całej stronie...","Procurar em tudo...","Procurar em tudo...",,,,,"Поиск всего...",,,,,,,,,,,,,,,,Buscar...,,,,,,,,,,,,,,,,,,,,,,,,,,,,,,
dashboard.statitics,Statistics,,,,,,,,,,,,,,,,,,,,,,,,,统计,,,,Statistiky,,Statistieken,,,,,,,Statistiques,,,,,,Statistiken,,,,,,,,,,,,,,,,,,,,Statistiche,,,,,,,,,,,,,,,,,,,,,,,,,,,,Statistikk,,,,,Statystyki,Estatísticas,Estatísticas,,,,,Статистика,,,,,,,,,,,,,,,,Estadísticas,,,,,,,,,,,,,,,,,,,,,,,,,,,,,,
dialog.cancel,Cancel,,,,,,,,,,,,,,,,,,,,,,,,,取消,,,,Zrušit,,,,,,,,,Annuler,,,,,,,,,,,,,,,,,,,,,,,,,,,,,,,,,,,,,,,,,,,,,,,,,,,,,,,,,,,Anuluj,,,,,,,Отмена,,,,,,,,,,,,,,,,,,,,,,,,,,,,,,,,,,,,,,,,,,,,,,
dialog.ok,OK,,,,,,,,,,,,,,,,,,,,,,,,,好的,,,,OK,,,,,,,,,OK,,,,,,,,,,,,,,,,,,,,,,,,,,,,,,,,,,,,,,,,,,,,,,,,,,,,,,,,,,,OK,,,,,,,ОК,,,,,,,,,,,,,,,,,,,,,,,,,,,,,,,,,,,,,,,,,,,,,,
dialog.title,"Move to Trash",,,,,,,,,,,,,,,,,,,,,,,,,移至回收站,,,,"Přesunout do koše",,,,,,,,,"Mettre à la corbeille",,,,,,,,,,,,,,,,,,,,,,,,,,,,,,,,,,,,,,,,,,,,,,,,,,,,,,,,,,,"Przenieś do kosza",,,,,,,"Отправить в корзину",,,,,,,,,,,,,,,,,,,,,,,,,,,,,,,,,,,,,,,,,,,,,,
editor.cancel,Cancel,,,,,,,,,,,,,,,,,,,,,,,,,取消,,,,Zrušit,,,,,,,,,Annuler,,,,,,,,,,,,,,,,,,,,,,,,,,,,,,,,,,,,,,,,,,,,,,,,,,,,,,,,,,,Anuluj,,,,,,,Отмена,,,,,,,,,,,,,,,,,,,,,,,,,,,,,,,,,,,,,,,,,,,,,,
editor.delete,Delete,,,,,,,,,,,,,,,,,,,,,,,,,删除,,,,Smazat,,,,,,,,,Supprimer,,,,,,,,,,,,,,,,,,,,,,,,,,,,,,,,,,,,,,,,,,,,,,,,,,,,,,,,,,,Usuń,,,,,,,Удалить,,,,,,,,,,,,,,,,,,,,,,,,,,,,,,,,,,,,,,,,,,,,,,
editor.done,Done,,,,,,,,,,,,,,,,,,,,,,,,,完成,,,,Hotovo,,,,,,,,,Fermer,,,,,,,,,,,,,,,,,,,,,,,,,,,,,,,,,,,,,,,,,,,,,,,,,,,,,,,,,,,Zatwierdź,,,,,,,,,,,,,,,,,,,,,,,,,,,,,,,,,,,,,,,,,,,,,,,,,,,,,
editor.title,"Content editor",,,,,,,,,,,,,,,,,,,,,,,,,内容编辑器,,,,"Editor obsahu",,,,,,,,,"Editeur de contenu",,,,,,,,,,,,,,,,,,,,,,,,,,,,,,,,,,,,,,,,,,,,,,,,,,,,,,,,,,,"Edytor treści",,,,,,,,,,,,,,,,,,,,,,,,,,,,,,,,,,,,,,,,,,,,,,,,,,,,,
emails.all-rights-reserved,"All rights reserved.",,,,,,,,,,,,,,,,,,,,,,,,,保留一切权利,,,,"Všechna práva vyhrazena.",,,,,,,,,"Tous droits réservés",,,,,,,,,,,,,,,,,,,,,,,,,,,,,,,,,,,,,,,,,,,,,,,,,,,,,,,,,,,"Wszelkie prawa zastrzeżone.",,,,,,,"Все права защищены.",,,,,,,,,,,,,,,,,,,,,,,,,,,,,,,,,,,,,,,,,,,,,,
emails.hello,Hello!,,,,,,,,,,,,,,,,,,,,,,,,,你好！,,,,"Dobrý den!",,,,,,,,,Bonjour!,,,,,,,,,,,,,,,,,,,,,,,,,,,,,,,,,,,,,,,,,,,,,,,,,,,,,,,,,,,Witaj!,,,,,,,Привет!,,,,,,,,,,,,,,,,,,,,,,,,,,,,,,,,,,,,,,,,,,,,,,
emails.problems,"If you are having trouble clicking the "":actionText"" button, copy and paste the URL below into your web browser: [:url](:url)",,,,,,,,,,,,,,,,,,,,,,,,,"如果无法点击 "":actionText"" 按钮, 复制以下链接到你的浏览器并打开: [:url](:url)",,,,"Pokud máte problém s kliknutím na tlačítko "":actionText"", zkopírujte URL níže a vložte ji do adresní řádky svého prohlížeče: [:url](:url)",,,,,,,,,"Si vous ne parvenez pas à cliquer sur le bouton "":actionText"", copiez et collez l'URL ci-dessous dans votre navigateur Web: [:url] (:url)",,,,,,,,,,,,,,,,,,,,,,,,,,,,,,,,,,,,,,,,,,,,,,,,,,,,,,,,,,,"Jeżeli nie możesz kliknąć przycisku "":actionText"", wklej ten link do swojej przeglądarki: [:url](:url)",,,,,,,"Если у вас не нажимается кнопка "":actionText"", скопируйте ссылку, и вставьте в браузер: [:url](:url)",,,,,,,,,,,,,,,,,,,,,,,,,,,,,,,,,,,,,,,,,,,,,,
emails.regards,"Regards,",,,,,,,,,,,,,,,,,,,,,,,,,此致，,,,,"S pozdravem",,,,,,,,,"Cordialement,",,,,,,,,,,,,,,,,,,,,,,,,,,,,,,,,,,,,,,,,,,,,,,,,,,,,,,,,,,,"Pozdrawiamy,",,,,,,,"С уважением,",,,,,,,,,,,,,,,,,,,,,,,,,,,,,,,,,,,,,,,,,,,,,,
fields.block-editor.add-content,"Add content",,,,,,,,,,,,,,,,,,,,,,,,,添加模块,,,,"Přidat obsah",,"Inhoud toevoegen",,,,,,,"Ajouter du contenu",,,,,,"Inhalt hinzufügen",,,,,,,,,,,,,,,,,,,,"Aggiungi contenuto",,,,,,,,,,,,,,,,,,,,,,,,,,,,"Legg til innhold",,,,,"Dodaj treść","Adicionar conteúdo","Adicionar conteúdo",,,,,"Добавить содержимое",,,,,,,,,,,,,,,,"Agregar contenido",,,,,,,,,,,,,,,,,,,,,,,,,,,,,,
fields.block-editor.collapse-all,"Collapse all",,,,,,,,,,,,,,,,,,,,,,,,,全部折叠,,,,"Sbalit vše",,"Alles inklappen",,,,,,,"Tout masquer",,,,,,"Alle einklappen",,,,,,,,,,,,,,,,,,,,"Racchiudi tutto",,,,,,,,,,,,,,,,,,,,,,,,,,,,"Skjul alle",,,,,"Zwiń wszystke","Recolher tudo","Recolher tudo",,,,,"Раскрыть все",,,,,,,,,,,,,,,,"Colapsar todo",,,,,,,,,,,,,,,,,,,,,,,,,,,,,,
fields.block-editor.create-another,"Create another",,,,,,,,,,,,,,,,,,,,,,,,,继续创建,,,,"Vytvořit další",,"Nieuw maken",,,,,,,"Créer un nouveau",,,,,,"Noch einen erstellen",,,,,,,,,,,,,,,,,,,,"Crea e aggiungi ancora",,,,,,,,,,,,,,,,,,,,,,,,,,,,"Opprett ny",,,,,"Dodaj kolejny","Criar outro","Criar outro",,,,,"Создать другой",,,,,,,,,,,,,,,,"Crear otro",,,,,,,,,,,,,,,,,,,,,,,,,,,,,,
fields.block-editor.delete,Delete,,,,,,,,,,,,,,,,,,,,,,,,,删除,,,,Smazat,,Verwijderen,,,,,,,Supprimer,,,,,,Löschen,,,,,,,,,,,,,,,,,,,,Elimina,,,,,,,,,,,,,,,,,,,,,,,,,,,,Slett,,,,,Usuń,Deletar,Deletar,,,,,Удалить,,,,,,,,,,,,,,,,Borrar,,,,,,,,,,,,,,,,,,,,,,,,,,,,,,
fields.block-editor.expand-all,"Expand all",,,,,,,,,,,,,,,,,,,,,,,,,全部展开,,,,"Rozbalit vše",,"Alles uitklappen",,,,,,,"Tout afficher",,,,,,"Alle ausklappen",,,,,,,,,,,,,,,,,,,,"Espandi tutto",,,,,,,,,,,,,,,,,,,,,,,,,,,,"Vis alle",,,,,"Rozwiń wszystkie","Expandir tudo","Expandir tudo",,,,,Скрыть,,,,,,,,,,,,,,,,"Expandir todo",,,,,,,,,,,,,,,,,,,,,,,,,,,,,,
fields.block-editor.loading,Loading,,,,,,,,,,,,,,,,,,,,,,,,,加载中,,,,Načítání,,Laden,,,,,,,Chargement,,,,,,Lade,,,,,,,,,,,,,,,,,,,,Caricamento,,,,,,,,,,,,,,,,,,,,,,,,,,,,"Laster inn",,,,,Wczytywanie,Carregando,Carregando,,,,,Загрузка,,,,,,,,,,,,,,,,Cargando,,,,,,,,,,,,,,,,,,,,,,,,,,,,,,
fields.block-editor.open-in-editor,"Open in editor",,,,,,,,,,,,,,,,,,,,,,,,,可视化编辑器,,,,"Otevřít v editoru",,"Open in editor",,,,,,,"Ouvrir dans l'éditeur",,,,,,"In Editor öffnen",,,,,,,,,,,,,,,,,,,,"Apri in modifica",,,,,,,,,,,,,,,,,,,,,,,,,,,,"Åpne i editor",,,,,"Otwórz w edytorze","Abrir no editor","Abrir no editor",,,,,"Открыть в редакторе",,,,,,,,,,,,,,,,"Abrir en el editor",,,,,,,,,,,,,,,,,,,,,,,,,,,,,,
fields.block-editor.preview,Preview,,,,,,,,,,,,,,,,,,,,,,,,,预览,,,,Náhled,,Voorbeeld,,,,,,,Prévisualiser,,,,,,Vorschau,,,,,,,,,,,,,,,,,,,,Anteprima,,,,,,,,,,,,,,,,,,,,,,,,,,,,Forhåndsvis,,,,,Podgląd,Pré-visualizar,Pré-visualizar,,,,,"Предварительный просмотр",,,,,,,,,,,,,,,,Previsualizar,,,,,,,,,,,,,,,,,,,,,,,,,,,,,,
fields.browser.add-label,Add,,,,,,,,,,,,,,,,,,,,,,,,,添加,,,,Přidat,,Toevoegen,,,,,,,"Ajouter des",,,,,,Hinzufügen,,,,,,,,,,,,,,,,,,,,Aggiungi,,,,,,,,,,,,,,,,,,,,,,,,,,,,"Legg til",,,,,Dodaj,Adicionar,Adicionar,,,,,Добавить,,,,,,,,,,,,,,,,Agregar,,,,,,,,,,,,,,,,,,,,,,,,,,,,,,
fields.browser.attach,Attach,,,,,,,,,,,,,,,,,,,,,,,,,添加项目,,,,Přiložit,,Bijvoegen,,,,,,,"Ajouter des",,,,,,Anhängen,,,,,,,,,,,,,,,,,,,,Allega,,,,,,,,,,,,,,,,,,,,,,,,,,,,"Legg ved",,,,,Załącz,Anexar,Anexar,,,,,Прикрепить,,,,,,,,,,,,,,,,Adjuntar,,,,,,,,,,,,,,,,,,,,,,,,,,,,,,
fields.files.add-label,Add,,,,,,,,,,,,,,,,,,,,,,,,,添加,,,,Přidat,,Toevoegen,,,,,,,Ajouter,,,,,,Hinzufügen,,,,,,,,,,,,,,,,,,,,Aggiungi,,,,,,,,,,,,,,,,,,,,,,,,,,,,"Legg til",,,,,Dodaj,Adicionar,Adicionar,,,,,Добавить,,,,,,,,,,,,,,,,Agregar,,,,,,,,,,,,,,,,,,,,,,,,,,,,,,
fields.generic.switch-language,"Switch language",,,,,,,,,,,,,,,,,,,,,,,,,切换语言,,,,"Přepnout jazyk",,,,,,,,,"Changer de langue",,,,,,,,,,,,,,,,,,,,,,,,,,,,,,,,,,,,,,,,,,,,,,,,,,,,,,,,,,,"Zmień język",,,,,,,"Переключить язык",,,,,,,,,,,,,,,,,,,,,,,,,,,,,,,,,,,,,,,,,,,,,,
fields.map.hide,Hide&nbsp;map,,,,,,,,,,,,,,,,,,,,,,,,,隐藏地图,,,,Skrýt&nbsp;mapu,,,,,,,,,Masquer,,,,,,,,,,,,,,,,,,,,,,,,,,,,,,,,,,,,,,,,,,,,,,,,,,,,,,,,,,,Ukryj&nbsp;mapę,,,,,,,Скрыть&nbsp;карту,,,,,,,,,,,,,,,,,,,,,,,,,,,,,,,,,,,,,,,,,,,,,,
fields.map.show,Show&nbsp;map,,,,,,,,,,,,,,,,,,,,,,,,,显示地图,,,,Ukázat&nbsp;mapu,,,,,,,,,Afficher,,,,,,,,,,,,,,,,,,,,,,,,,,,,,,,,,,,,,,,,,,,,,,,,,,,,,,,,,,,Pokaż&nbsp;mapę,,,,,,,Показать&nbsp;карту,,,,,,,,,,,,,,,,,,,,,,,,,,,,,,,,,,,,,,,,,,,,,,
fields.medias.btn-label,"Attach image",,,,,,,,,,,,,,,,,,,,,,,,,添加图片,,,,"Přiložit obrázek",,"Afbeelding bijvoegen",,,,,,,"Ajouter une image",,,,,,"Bild anhängen",,,,,,,,,,,,,,,,,,,,"Allega immagine",,,,,,,,,,,,,,,,,,,,,,,,,,,,"Legg ved bilde",,,,,"Załącz obraz","Anexar imagem","Anexar imagem",,,,,"Прикрепить изображение",,,,,,,,,,,,,,,,"Adjuntar imagen",,,,,,,,,,,,,,,,,,,,,,,,,,,,,,
fields.medias.crop,Crop,,,,,,,,,,,,,,,,,,,,,,,,,裁切,,,,Ořezat,,,,,,,,,Recadrer,,,,,,,,,,,,,,,,,,,,,,,,,,,,,,,,,,,,,,,,,,,,,,,,,,,,,,,,,,,Przytnij,,,,,,,Кадрировать,,,,,,,,,,,,,,,,,,,,,,,,,,,,,,,,,,,,,,,,,,,,,,
fields.medias.crop-edit,"Edit image crop",,,,,,,,,,,,,,,,,,,,,,,,,编辑尺寸,,,,"Upravit ořez obrázku",,,,,,,,,"Editer le crop de l'image",,,,,,,,,,,,,,,,,,,,,,,,,,,,,,,,,,,,,,,,,,,,,,,,,,,,,,,,,,,"Zmień kadrowanie obrazu",,,,,,,"Изменить кадрирование картинки",,,,,,,,,,,,,,,,,,,,,,,,,,,,,,,,,,,,,,,,,,,,,,
fields.medias.crop-list,crop,,,,,,,,,,,,,,,,,,,,,,,,,尺寸,,,,ořezat,,,,,,,,,crop,,,,,,,,,,,,,,,,,,,,,,,,,,,,,,,,,,,,,,,,,,,,,,,,,,,,,,,,,,,kadr,,,,,,,кадрировать,,,,,,,,,,,,,,,,,,,,,,,,,,,,,,,,,,,,,,,,,,,,,,
fields.medias.crop-save,Update,,,,,,,,,,,,,,,,,,,,,,,,,更新,,,,Aktualizovat,,,,,,,,,"Mettre a jour",,,,,,,,,,,,,,,,,,,,,,,,,,,,,,,,,,,,,,,,,,,,,,,,,,,,,,,,,,,Zapisz,,,,,,,Обновить,,,,,,,,,,,,,,,,,,,,,,,,,,,,,,,,,,,,,,,,,,,,,,
fields.medias.delete,Delete,,,,,,,,,,,,,,,,,,,,,,,,,删除,,,,Smazat,,,,,,,,,Supprimer,,,,,,,,,,,,,,,,,,,,,,,,,,,,,,,,,,,,,,,,,,,,,,,,,,,,,,,,,,,Usuń,,,,,,,Удалить,,,,,,,,,,,,,,,,,,,,,,,,,,,,,,,,,,,,,,,,,,,,,,
fields.medias.download,Download,,,,,,,,,,,,,,,,,,,,,,,,,下载,,,,Stáhnout,,,,,,,,,Télécharger,,,,,,,,,,,,,,,,,,,,,,,,,,,,,,,,,,,,,,,,,,,,,,,,,,,,,,,,,,,Pobierz,,,,,,,Скачать,,,,,,,,,,,,,,,,,,,,,,,,,,,,,,,,,,,,,,,,,,,,,,
fields.medias.edit-close,"Close info",,,,,,,,,,,,,,,,,,,,,,,,,关闭,,,,"Zavřít podrobnosti",,,,,,,,,"Fermer infos",,,,,,,,,,,,,,,,,,,,,,,,,,,,,,,,,,,,,,,,,,,,,,,,,,,,,,,,,,,"Schowaj szczegóły",,,,,,,"Скрыть описание",,,,,,,,,,,,,,,,,,,,,,,,,,,,,,,,,,,,,,,,,,,,,,
fields.medias.edit-info,"Edit info",,,,,,,,,,,,,,,,,,,,,,,,,编辑,,,,"Upravit podrobnosti",,,,,,,,,"Editer infos",,,,,,,,,,,,,,,,,,,,,,,,,,,,,,,,,,,,,,,,,,,,,,,,,,,,,,,,,,,"Edytuj szczegóły",,,,,,,"Изменить описание",,,,,,,,,,,,,,,,,,,,,,,,,,,,,,,,,,,,,,,,,,,,,,
fields.medias.original-dimensions,Original,,,,,,,,,,,,,,,,,,,,,,,,,原始尺寸,,,,"Původní rozměry",,,,,,,,,Original,,,,,,,,,,,,,,,,,,,,,,,,,,,,,,,,,,,,,,,,,,,,,,,,,,,,,,,,,,,"Oryginalne wymiary",,,,,,,Оригинал,,,,,,,,,,,,,,,,,,,,,,,,,,,,,,,,,,,,,,,,,,,,,,
filter.apply-btn,Apply,,,,,,,,,,,,,,,,,,,,,,,,,应用,,,,Použít,,Toepassen,,,,,,,Appliquer,,,,,,Anwenden,,,,,,,,,,,,,,,,,,,,Applica,,,,,,,,,,,,,,,,,,,,,,,,,,,,Bruk,,,,,Zastosuj,Aplicar,Aplicar,,,,,Применить,,,,,,,,,,,,,,,,Aplicar,,,,,,,,,,,,,,,,,,,,,,,,,,,,,,
filter.clear-btn,Clear,,,,,,,,,,,,,,,,,,,,,,,,,清除,,,,Vymazat,,Leegmaken,,,,,,,Annuler,,,,,,Leeren,,,,,,,,,,,,,,,,,,,,Cancella,,,,,,,,,,,,,,,,,,,,,,,,,,,,Tøm,,,,,"Wyczyść wybór",Limpar,Limpar,,,,,Очистить,,,,,,,,,,,,,,,,Limpiar,,,,,,,,,,,,,,,,,,,,,,,,,,,,,,
filter.search-placeholder,Search,,,,,,,,,,,,,,,,,,,,,,,,,搜索,,,,Hledat,,Zoeken,,,,,,,Recherche,,,,,,Suchen,,,,,,,,,,,,,,,,,,,,Cerca,,,,,,,,,,,,,,,,,,,,,,,,,,,,Søk,,,,,Szukaj,Buscar,Buscar,,,,,Поиск,,,,,,,,,,,,,,,,Buscar,,,,,,,,,,,,,,,,,,,,,,,,,,,,,,
filter.toggle-label,Filter,,,,,,,,,,,,,,,,,,,,,,,,,筛选,,,,Filtrovat,,Filteren,,,,,,,Filtrer,,,,,,Filter,,,,,,,,,,,,,,,,,,,,Filtro,,,,,,,,,,,,,,,,,,,,,,,,,,,,Filtrer,,,,,Filtruj,Filtrar,Filtrar,,,,,Фильтр,,,,,,,,,,,,,,,,Filtrar,,,,,,,,,,,,,,,,,,,,,,,,,,,,,,
footer.version,Version,,,,,,,,,,,,,,,,,,,,,,,,,版本,,,,Verze,,Versie,,,,,,,Version,,,,,,Version,,,,,,,,,,,,,,,,,,,,Versione,,,,,,,,,,,,,,,,,,,,,,,,,,,,Versjon,,,,,Wersja,Versão,Versão,,,,,Версия,,,,,,,,,,,,,,,,Versión,,,,,,,,,,,,,,,,,,,,,,,,,,,,,,
form.content,Content,,,,,,,,,,,,,,,,,,,,,,,,,内容,,,,Obsah,,Inhoud,,,,,,,Contenu,,,,,,Inhalt,,,,,,,,,,,,,,,,,,,,Contenuto,,,,,,,,,,,,,,,,,,,,,,,,,,,,Innhold,,,,,Treść,Conteúdo,Conteúdo,,,,,Содержимое,,,,,,,,,,,,,,,,Contenido,,,,,,,,,,,,,,,,,,,,,,,,,,,,,,
form.dialogs.delete.confirm,Delete,,,,,,,,,,,,,,,,,,,,,,,,,删除,,,,Smazat,,,,,,,,,Supprimer,,,,,,,,,,,,,,,,,,,,,,,,,,,,,,,,,,,,,,,,,,,,,,,,,,,,,,,,,,,Usuń,,,,,,,Удалить,,,,,,,,,,,,,,,,,,,,,,,,,,,,,,,,,,,,,,,,,,,,,,
form.dialogs.delete.confirmation,"Are you sure ?<br />This change can't be undone.",,,,,,,,,,,,,,,,,,,,,,,,,"确定吗 ?<br />此操作无法恢复。",,,,"Jste si jistí?<br />Tento krok nemůžete vzít zpět.",,,,,,,,,"Êtes-vous sûr ? Ce changement ne peut être annulé.",,,,,,,,,,,,,,,,,,,,,,,,,,,,,,,,,,,,,,,,,,,,,,,,,,,,,,,,,,,"Czy na pewno chcesz to zrobić? <br />Tej zmiany nie można cofnąć.",,,,,,,"Вы уверены?</br> Это действие нельзя отменить.",,,,,,,,,,,,,,,,,,,,,,,,,,,,,,,,,,,,,,,,,,,,,,
form.dialogs.delete.delete-content,"Delete content",,,,,,,,,,,,,,,,,,,,,,,,,删除内容,,,,"Smazat obsah",,,,,,,,,"Supprimer le contenu",,,,,,,,,,,,,,,,,,,,,,,,,,,,,,,,,,,,,,,,,,,,,,,,,,,,,,,,,,,"Usuń zawartość",,,,,,,"Удалить контент",,,,,,,,,,,,,,,,,,,,,,,,,,,,,,,,,,,,,,,,,,,,,,
form.dialogs.delete.title,"Delete content",,,,,,,,,,,,,,,,,,,,,,,,,删除内容,,,,"Smazat obsah",,,,,,,,,"Supprimer le contenu",,,,,,,,,,,,,,,,,,,,,,,,,,,,,,,,,,,,,,,,,,,,,,,,,,,,,,,,,,,"Usuń zawartość",,,,,,,"Удалить контент",,,,,,,,,,,,,,,,,,,,,,,,,,,,,,,,,,,,,,,,,,,,,,
form.editor,Editor,,,,,,,,,,,,,,,,,,,,,,,,,可视化编辑器,,,,Editor,,Editor,,,,,,,Éditeur,,,,,,Editor,,,,,,,,,,,,,,,,,,,,Editor,,,,,,,,,,,,,,,,,,,,,,,,,,,,Editor,,,,,Edytor,Editor,Editor,,,,,Редактор,,,,,,,,,,,,,,,,Editor,,,,,,,,,,,,,,,,,,,,,,,,,,,,,,
lang-manager.published,Live,,,,,,,,,,,,,,,,,,,,,,,,,已发布,,,,Publikováno,,,,,,,,,Publié,,,,,,,,,,,,,,,,,,,,,,,,,,,,,,,,,,,,,,,,,,,,,,,,,,,,,,,,,,,opublikowano,,,,,,,,,,,,,,,,,,,,,,,,,,,,,,,,,,,,,,,,,,,,,,,,,,,,,
lang-switcher.edit-in,"Edit in",,,,,,,,,,,,,,,,,,,,,,,,,为另一语言修改,,,,"Editovat v",,,,,,,,,"Editer en",,,,,,,,,,,,,,,,,,,,,,,,,,,,,,,,,,,,,,,,,,,,,,,,,,,,,,,,,,,"Edytuj w",,,,,,,,,,,,,,,,,,,,,,,,,,,,,,,,,,,,,,,,,,,,,,,,,,,,,
listing.add-new-button,"Add new",,,,,,,,,,,,,,,,,,,,,,,,,添加,,,,"Přidat nový",,"Nieuw toevoegen",,,,,,,Ajouter,,,,,,"Neu erstellen",,,,,,,,,,,,,,,,,,,,Nuovo,,,,,,,,,,,,,,,,,,,,,,,,,,,,"Opprett ny",,,,,"Dodaj nowy","Criar novo","Criar novo",,,,,Добавить,,,,,,,,,,,,,,,,"Agregar nuevo",,,,,,,,,,,,,,,,,,,,,,,,,,,,,,
listing.bulk-actions,"Bulk actions",,,,,,,,,,,,,,,,,,,,,,,,,批量操作,,,,"Hromadné akce",,,,,,,,,"Actions groupées",,,,,,,,,,,,,,,,,,,,,,,,,,,,,,,,,,,,,,,,,,,,,,,,,,,,,,,,,,,"Dostępne akcje",,,,,,,,,,,,,,,,,,,,,,,,,,,,,,,,,,,,,,,,,,,,,,,,,,,,,
listing.bulk-clear,Clear,,,,,,,,,,,,,,,,,,,,,,,,,清除,,,,Vymazat,,,,,,,,,Annuler,,,,,,,,,,,,,,,,,,,,,,,,,,,,,,,,,,,,,,,,,,,,,,,,,,,,,,,,,,,"Wyczyść wybór",,,,,,,Очстить,,,,,,,,,,,,,,,,,,,,,,,,,,,,,,,,,,,,,,,,,,,,,,
listing.columns.featured,Featured,,,,,,,,,,,,,,,,,,,,,,,,,特别展示,,,,Doporučené,,,,,,,,,"Mis en avant",,,,,,,,,,,,,,,,,,,,,,,,,,,,,,,,,,,,,,,,,,,,,,,,,,,,,,,,,,,Wyróżniono,,,,,,,,,,,,,,,,,,,,,,,,,,,,,,,,,,,,,,,,,,,,,,,,,,,,,
listing.columns.name,Name,,,,,,,,,,,,,,,,,,,,,,,,,名称,,,,Jméno,,,,,,,,,Nom,,,,,,,,,,,,,,,,,,,,,,,,,,,,,,,,,,,,,,,,,,,,,,,,,,,,,,,,,,,Nazwa,,,,,,,Название,,,,,,,,,,,,,,,,,,,,,,,,,,,,,,,,,,,,,,,,,,,,,,
listing.columns.published,Published,,,,,,,,,,,,,,,,,,,,,,,,,已发布,,,,Publikované,,,,,,,,,Publié,,,,,,,,,,,,,,,,,,,,,,,,,,,,,,,,,,,,,,,,,,,,,,,,,,,,,,,,,,,Opublikowano,,,,,,,Опубликовано,,,,,,,,,,,,,,,,,,,,,,,,,,,,,,,,,,,,,,,,,,,,,,
listing.columns.show,Show,,,,,,,,,,,,,,,,,,,,,,,,,展示,,,,Ukázat,,,,,,,,,Afficher,,,,,,,,,,,,,,,,,,,,,,,,,,,,,,,,,,,,,,,,,,,,,,,,,,,,,,,,,,,Wyświetl,,,,,,,Показать,,,,,,,,,,,,,,,,,,,,,,,,,,,,,,,,,,,,,,,,,,,,,,
listing.columns.thumbnail,Thumbnail,,,,,,,,,,,,,,,,,,,,,,,,,缩略图,,,,Náhled,,,,,,,,,Miniature,,,,,,,,,,,,,,,,,,,,,,,,,,,,,,,,,,,,,,,,,,,,,,,,,,,,,,,,,,,Miniatura,,,,,,,Превью,,,,,,,,,,,,,,,,,,,,,,,,,,,,,,,,,,,,,,,,,,,,,,
listing.dialogs.delete.confirm,Delete,,,,,,,,,,,,,,,,,,,,,,,,,删除,,,,Smazat,,,,,,,,,Supprimer,,,,,,,,,,,,,,,,,,,,,,,,,,,,,,,,,,,,,,,,,,,,,,,,,,,,,,,,,,,Usuń,,,,,,,Удалить,,,,,,,,,,,,,,,,,,,,,,,,,,,,,,,,,,,,,,,,,,,,,,
listing.dialogs.delete.disclaimer,"The item won't be deleted but moved to trash.",,,,,,,,,,,,,,,,,,,,,,,,,此内容将被移至回收站,,,,"Položka nebude odstraněna, ale přesunuta do koše.",,,,,,,,,"Ce contenu ne sera pas supprimé mais déplacé dans la corbeille.",,,,,,,,,,,,,,,,,,,,,,,,,,,,,,,,,,,,,,,,,,,,,,,,,,,,,,,,,,,"Ten element nie zostanie trwale usunięty, tylko przeniesiony do kosza.",,,,,,,"Элемент не был удалён, он перенесён в корзину.",,,,,,,,,,,,,,,,,,,,,,,,,,,,,,,,,,,,,,,,,,,,,,
listing.dialogs.delete.move-to-trash,"Move to trash",,,,,,,,,,,,,,,,,,,,,,,,,移至回收站,,,,"Přesunout do koše.",,,,,,,,,"Mettre à la corbeille",,,,,,,,,,,,,,,,,,,,,,,,,,,,,,,,,,,,,,,,,,,,,,,,,,,,,,,,,,,"Przenieś do kosza",,,,,,,"Перенести в корзину",,,,,,,,,,,,,,,,,,,,,,,,,,,,,,,,,,,,,,,,,,,,,,
listing.dialogs.delete.title,"Delete item",,,,,,,,,,,,,,,,,,,,,,,,,删除项目,,,,Smazat,,,,,,,,,Supprimer,,,,,,,,,,,,,,,,,,,,,,,,,,,,,,,,,,,,,,,,,,,,,,,,,,,,,,,,,,,"Usuń element",,,,,,,"Удалить элемент",,,,,,,,,,,,,,,,,,,,,,,,,,,,,,,,,,,,,,,,,,,,,,
listing.dialogs.destroy.confirm,Destroy,,,,,,,,,,,,,,,,,,,,,,,,,删除,,,,Zničit,,,,,,,,,"Supprimer définitivement",,,,,,,,,,,,,,,,,,,,,,,,,,,,,,,,,,,,,,,,,,,,,,,,,,,,,,,,,,,Usuń,,,,,,,Уничтожить,,,,,,,,,,,,,,,,,,,,,,,,,,,,,,,,,,,,,,,,,,,,,,
listing.dialogs.destroy.destroy-permanently,"Destroy permanently",,,,,,,,,,,,,,,,,,,,,,,,,彻底删除,,,,"Zničit navždy",,,,,,,,,"Supprimer définitivement",,,,,,,,,,,,,,,,,,,,,,,,,,,,,,,,,,,,,,,,,,,,,,,,,,,,,,,,,,,"Usuń na zawsze",,,,,,,"Уничтожить навсегда",,,,,,,,,,,,,,,,,,,,,,,,,,,,,,,,,,,,,,,,,,,,,,
listing.dialogs.destroy.disclaimer,"The item won't be able to be restored anymore.",,,,,,,,,,,,,,,,,,,,,,,,,删除内容将无法恢复,,,,"Položku nebude možné znovu obnovit.",,,,,,,,,"Ce contenu ne pourra pas être restauré.",,,,,,,,,,,,,,,,,,,,,,,,,,,,,,,,,,,,,,,,,,,,,,,,,,,,,,,,,,,"Tego elementu nie będzie można przywrócić.",,,,,,,"Элемент нельзя будет восстановить.",,,,,,,,,,,,,,,,,,,,,,,,,,,,,,,,,,,,,,,,,,,,,,
listing.dialogs.destroy.title,"Destroy item",,,,,,,,,,,,,,,,,,,,,,,,,彻底删除内容,,,,"Zničit položku",,,,,,,,,"Supprimer définitivement",,,,,,,,,,,,,,,,,,,,,,,,,,,,,,,,,,,,,,,,,,,,,,,,,,,,,,,,,,,"Usuń trwale",,,,,,,"Уничтожить элемент",,,,,,,,,,,,,,,,,,,,,,,,,,,,,,,,,,,,,,,,,,,,,,
listing.dropdown.delete,Delete,,,,,,,,,,,,,,,,,,,,,,,,,移至回收站,,,,Smazat,,Verwijderen,,,,,,,Supprimer,,,,,,Löschen,,,,,,,,,,,,,,,,,,,,Elimina,,,,,,,,,,,,,,,,,,,,,,,,,,,,Slett,,,,,Usuń,Deletar,Deletar,,,,,Удалить,,,,,,,,,,,,,,,,Borrar,,,,,,,,,,,,,,,,,,,,,,,,,,,,,,
listing.dropdown.destroy,Destroy,,,,,,,,,,,,,,,,,,,,,,,,,彻底删除,,,,Zničit,,Vernietigen,,,,,,,"Supprimer définitivement",,,,,,Vernichten,,,,,,,,,,,,,,,,,,,,Distruggi,,,,,,,,,,,,,,,,,,,,,,,,,,,,Fjern,,,,,"Usuń (trwale)",Destruir,Destruir,,,,,Уничтожить,,,,,,,,,,,,,,,,Destruir,,,,,,,,,,,,,,,,,,,,,,,,,,,,,,
listing.dropdown.duplicate,Duplicate,,,,,,,,,,,,,,,,,,,,,,,,,复制,,,,Duplikovat,,Dupliceren,,,,,,,Dupliquer,,,,,,Duplizieren,,,,,,,,,,,,,,,,,,,,Duplica,,,,,,,,,,,,,,,,,,,,,,,,,,,,Dupliser,,,,,Zduplikuj,Duplicar,Duplicar,,,,,Дублировать,,,,,,,,,,,,,,,,Duplicar,,,,,,,,,,,,,,,,,,,,,,,,,,,,,,
listing.dropdown.edit,Edit,,,,,,,,,,,,,,,,,,,,,,,,,编辑,,,,Editovat,,Bewerken,,,,,,,Modifier,,,,,,Bearbeiten,,,,,,,,,,,,,,,,,,,,Modifica,,,,,,,,,,,,,,,,,,,,,,,,,,,,Rediger,,,,,Edytuj,Editar,Editar,,,,,Изменить,,,,,,,,,,,,,,,,Editar,,,,,,,,,,,,,,,,,,,,,,,,,,,,,,
listing.dropdown.publish,Publish,,,,,,,,,,,,,,,,,,,,,,,,,发布,,,,Publish,,Publiceren,,,,,,,Publier,,,,,,Veröffentlichen,,,,,,,,,,,,,,,,,,,,Pubblica,,,,,,,,,,,,,,,,,,,,,,,,,,,,Publiser,,,,,Opublikuj,Publicar,Publicar,,,,,Опубликовать,,,,,,,,,,,,,,,,Publicar,,,,,,,,,,,,,,,,,,,,,,,,,,,,,,
listing.dropdown.feature,Feature,,,,,,,,,,,,,,,,,,,,,,,,,特别展示,,,,Feature,,Markeren,,,,,,,"Mettre en avant",,,,,,Hervorheben,,,,,,,,,,,,,,,,,,,,Promuovi,,,,,,,,,,,,,,,,,,,,,,,,,,,,Fremhev,,,,,Wyróżnij,Realçar,Realçar,,,,,Выделить,,,,,,,,,,,,,,,,Destacar,,,,,,,,,,,,,,,,,,,,,,,,,,,,,,
listing.dropdown.restore,Restore,,,,,,,,,,,,,,,,,,,,,,,,,恢复,,,,Obnovit,,Herstellen,,,,,,,Restaurer,,,,,,Wiederherstellen,,,,,,,,,,,,,,,,,,,,Ripristina,,,,,,,,,,,,,,,,,,,,,,,,,,,,Gjenopprett,,,,,Przyrwóć,Restaurar,Restaurar,,,,,Восстановить,,,,,,,,,,,,,,,,Restaurar,,,,,,,,,,,,,,,,,,,,,,,,,,,,,,
listing.dropdown.unfeature,Unfeature,,,,,,,,,,,,,,,,,,,,,,,,,取消特别展示,,,,"Odebrat z doporučených",,Demarkeren,,,,,,,"Ne plus mettre en avant",,,,,,"Hervorhebung aufheben",,,,,,,,,,,,,,,,,,,,"Non promuovere",,,,,,,,,,,,,,,,,,,,,,,,,,,,"Fjern fremheving",,,,,Unfeature,"Remover realce","Remover realce",,,,,"Убрать с выделенных",,,,,,,,,,,,,,,,Unfeature,,,,,,,,,,,,,,,,,,,,,,,,,,,,,,
listing.dropdown.unpublish,Unpublish,,,,,,,,,,,,,,,,,,,,,,,,,取消发布,,,,"Vzít zpět publikování",,Depubliceren,,,,,,,Dépublier,,,,,,"Veröffentlichung aufheben",,,,,,,,,,,,,,,,,,,,Spubblica,,,,,,,,,,,,,,,,,,,,,,,,,,,,Avpubliser,,,,,"Cofnij publikację",Despublicar,Despublicar,,,,,"Отменить публикацию",,,,,,,,,,,,,,,,Despublicar,,,,,,,,,,,,,,,,,,,,,,,,,,,,,,
listing.filter.all-items,"All items",,,,,,,,,,,,,,,,,,,,,,,,,全部,,,,"Všechny položky",,"Alle items",,,,,,,Tous,,,,,,"Alle Ressourcen",,,,,,,,,,,,,,,,,,,,Tutti,,,,,,,,,,,,,,,,,,,,,,,,,,,,"Alle elementer",,,,,Wszystko,"Tdos os itens","Tdos os itens",,,,,Все,,,,,,,,,,,,,,,,Todos,,,,,,,,,,,,,,,,,,,,,,,,,,,,,,
listing.filter.draft,Draft,,,,,,,,,,,,,,,,,,,,,,,,,草稿,,,,Koncepty,,Concept,,,,,,,Brouillons,,,,,,Entwurf,,,,,,,,,,,,,,,,,,,,Bozza,,,,,,,,,,,,,,,,,,,,,,,,,,,,Kladd,,,,,"Wersje robocze",Rascunho,Rascunho,,,,,Черновики,,,,,,,,,,,,,,,,Borradores,,,,,,,,,,,,,,,,,,,,,,,,,,,,,,
listing.filter.mine,Mine,,,,,,,,,,,,,,,,,,,,,,,,,我的,,,,Moje,,"Van mij",,,,,,,"Mes contenus",,,,,,Meine,,,,,,,,,,,,,,,,,,,,Miei,,,,,,,,,,,,,,,,,,,,,,,,,,,,Mine,,,,,"Dodane przeze mnie",Meus,Meus,,,,,Мои,,,,,,,,,,,,,,,,Mios,,,,,,,,,,,,,,,,,,,,,,,,,,,,,,
listing.filter.published,Published,,,,,,,,,,,,,,,,,,,,,,,,,已发布,,,,Publikované,,Gepubliceerd,,,,,,,Publié,,,,,,Veröffentlicht,,,,,,,,,,,,,,,,,,,,Pubblicati,,,,,,,,,,,,,,,,,,,,,,,,,,,,Publisert,,,,,Opublikowane,Publicado,Publicado,,,,,Опубликованные,,,,,,,,,,,,,,,,Publicados,,,,,,,,,,,,,,,,,,,,,,,,,,,,,,
listing.filter.trash,Trash,,,,,,,,,,,,,,,,,,,,,,,,,垃圾箱,,,,Koš,,Prullenbak,,,,,,,Corbeille,,,,,,Papierkorb,,,,,,,,,,,,,,,,,,,,Cestino,,,,,,,,,,,,,,,,,,,,,,,,,,,,Søppel,,,,,Kosz,Lixeira,Lixeira,,,,,Удаленные,,,,,,,,,,,,,,,,Borrados,,,,,,,,,,,,,,,,,,,,,,,,,,,,,,
listing.languages,Languages,,,,,,,,,,,,,,,,,,,,,,,,,语言,,,,Jazyky,,Talen,,,,,,,Langues,,,,,,Sprachen,,,,,,,,,,,,,,,,,,,,Lingue,,,,,,,,,,,,,,,,,,,,,,,,,,,,Språk,,,,,Języki,Idiomas,Idiomas,,,,,Языки,,,,,,,,,,,,,,,,Idiomas,,,,,,,,,,,,,,,,,,,,,,,,,,,,,,
listing.listing-empty-message,"There is no item here yet.",,,,,,,,,,,,,,,,,,,,,,,,,没有内容,,,,"Není zde zatím žádná položka.",,"Er is nog geen item hier.",,,,,,,"Il n'y a aucun contenu pour le moment.",,,,,,"Es existieren hier noch keine Ressourcen",,,,,,,,,,,,,,,,,,,,"Non è presente alcun elemento.",,,,,,,,,,,,,,,,,,,,,,,,,,,,"Det er ingen elementer her ennå.",,,,,"Nie dodano tutaj jeszcze żadnych rzeczy.","Esta lista ainda está vazia.","Esta lista ainda está vazia.",,,,,"Ничего нет.",,,,,,,,,,,,,,,,"No hay registros para mostrar.",,,,,,,,,,,,,,,,,,,,,,,,,,,,,,
listing.paginate.rows-per-page,"Rows per page:",,,,,,,,,,,,,,,,,,,,,,,,,每页行数：,,,,"Řádků na stránku:",,,,,,,,,"Lignes par page:",,,,,,,,,,,,,,,,,,,,,,,,,,,,,,,,,,,,,,,,,,,,,,,,,,,,,,,,,,,"Wierszy na stronę:",,,,,,,"Строк на странице:",,,,,,,,,,,,,,,,,,,,,,,,,,,,,,,,,,,,,,,,,,,,,,
main.create,Create,,,,,,,,,,,,,,,,,,,,,,,,,创建,,,,Vytvořit,,Aanmaken,,,,,,,Créer,,,,,,Erstellen,,,,,,,,,,,,,,,,,,,,Crea,,,,,,,,,,,,,,,,,,,,,,,,,,,,Opprett,,,,,Utwórz,Criar,Criar,,,,,Создать,,,,,,,,,,,,,,,,Crear,,,,,,,,,,,,,,,,,,,,,,,,,,,,,,
main.draft,Draft,,,,,,,,,,,,,,,,,,,,,,,,,草稿,,,,Koncept,,Concept,,,,,,,Brouillon,,,,,,Entwurf,,,,,,,,,,,,,,,,,,,,Bozza,,,,,,,,,,,,,,,,,,,,,,,,,,,,Kladd,,,,,"Wersja robocza",Rascunho,Rascunho,,,,,Черновик,,,,,,,,,,,,,,,,Borrador,,,,,,,,,,,,,,,,,,,,,,,,,,,,,,
main.published,Live,,,,,,,,,,,,,,,,,,,,,,,,,已发布,,,,Publikováno,,Live,,,,,,,Publié,,,,,,Live,,,,,,,,,,,,,,,,,,,,Pubblicato,,,,,,,,,,,,,,,,,,,,,,,,,,,,Publisert,,,,,Opublikowany,"No ar","No ar",,,,,Опубликован,,,,,,,,,,,,,,,,Live,,,,,,,,,,,,,,,,,,,,,,,,,,,,,,
main.title,Title,,,,,,,,,,,,,,,,,,,,,,,,,标题,,,,Nadpis,,Titel,,,,,,,Titre,,,,,,Titel,,,,,,,,,,,,,,,,,,,,Titolo,,,,,,,,,,,,,,,,,,,,,,,,,,,,Tittel,,,,,Tytuł,Título,Título,,,,,Заголовок,,,,,,,,,,,,,,,,Título,,,,,,,,,,,,,,,,,,,,,,,,,,,,,,
main.update,Update,,,,,,,,,,,,,,,,,,,,,,,,,更新,,,,Aktualizovat,,Bijwerken,,,,,,,"Mettre à jour",,,,,,Aktualisieren,,,,,,,,,,,,,,,,,,,,Aggiorna,,,,,,,,,,,,,,,,,,,,,,,,,,,,Endre,,,,,Zapisz,Atualizar,Atualizar,,,,,Обновить,,,,,,,,,,,,,,,,Actualizar,,,,,,,,,,,,,,,,,,,,,,,,,,,,,,
media-library.files,Files,,,,,,,,,,,,,,,,,,,,,,,,,文件,,,,Soubory,,Bestanden,,,,,,,Fichiers,,,,,,Dateien,,,,,,,,,,,,,,,,,,,,Documenti,,,,,,,,,,,,,,,,,,,,,,,,,,,,Filer,,,,,Pliki,Ficheiros,Arquivos,,,,,Файлы,,,,,,,,,,,,,,,,Archivos,,,,,,,,,,,,,,,,,,,,,,,,,,,,,,
media-library.filter-select-label,"Filter by tag",,,,,,,,,,,,,,,,,,,,,,,,,以标签进行筛选,,,,"Filtrovrat podle tagu",,"Op tags filteren",,,,,,,"Filtrer par tag",,,,,,"Nach Tags filtern",,,,,,,,,,,,,,,,,,,,"Filtra per Tag",,,,,,,,,,,,,,,,,,,,,,,,,,,,"Filtrer etter tag",,,,,"Filtruj według tagów","Fitrar por tag","Fitrar por tag",,,,,"Фильтровать по тегу",,,,,,,,,,,,,,,,"Filtrar por etiqueta",,,,,,,,,,,,,,,,,,,,,,,,,,,,,,
media-library.images,Images,,,,,,,,,,,,,,,,,,,,,,,,,图片,,,,Obrázku,,Afbeeldingen,,,,,,,Images,,,,,,Bilder,,,,,,,,,,,,,,,,,,,,Immagini,,,,,,,,,,,,,,,,,,,,,,,,,,,,Bilder,,,,,Obrazy,Imagens,Imagens,,,,,Изображения,,,,,,,,,,,,,,,,Imágenes,,,,,,,,,,,,,,,,,,,,,,,,,,,,,,
media-library.insert,Insert,,,,,,,,,,,,,,,,,,,,,,,,,插入,,,,Vložit,,,,,,,,,Insérer,,,,,,,,,,,,,,,,,,,,,,,,,,,,,,,,,,,,,,,,,,,,,,,,,,,,,,,,,,,Wstaw,,,,,,,,,,,,,,,,,,,,,,,,,,,,,,,,,,,,,,,,,,,,,,,,,,,,,
media-library.sidebar.alt-text,"Alt text",,,,,,,,,,,,,,,,,,,,,,,,,替代文字,,,,"Alternativní text",,,,,,,,,"Texte alternatif",,,,,,,,,,,,,,,,,,,,,,,,,,,,,,,,,,,,,,,,,,,,,,,,,,,,,,"alt tekst",,,,,"Tekst alternatywny",,,,,,,Alt,,,,,,,,,,,,,,,,,,,,,,,,,,,,,,,,,,,,,,,,,,,,,,
media-library.sidebar.caption,Caption,,,,,,,,,,,,,,,,,,,,,,,,,描述,,,,Popisek,,,,,,,,,Légende,,,,,,,,,,,,,,,,,,,,,,,,,,,,,,,,,,,,,,,,,,,,,,,,,,,,,,Bildetekst,,,,,Podpis,,,,,,,,,,,,,,,,,,,,,,,,,,,,,,,,,,,,,,,,,,,,,,,,,,,,,
media-library.sidebar.clear,Clear,,,,,,,,,,,,,,,,,,,,,,,,,清除,,,,Vymazat,,Leegmaken,,,,,,,Annuler,,,,,,Leeren,,,,,,,,,,,,,,,,,,,,Cancella,,,,,,,,,,,,,,,,,,,,,,,,,,,,Tøm,,,,,"Wyczyść wybór",Limpar,Limpar,,,,,"Снять выделение",,,,,,,,,,,,,,,,Limpiar,,,,,,,,,,,,,,,,,,,,,,,,,,,,,,
media-library.sidebar.dimensions,Dimensions,,,,,,,,,,,,,,,,,,,,,,,,,尺寸,,,,Rozměry,,Dimensies,,,,,,,Dimensions,,,,,,Dimensionen,,,,,,,,,,,,,,,,,,,,Dimensioni,,,,,,,,,,,,,,,,,,,,,,,,,,,,Dimensjoner,,,,,Wymiary,Dimensões,Dimensões,,,,,Уровни,,,,,,,,,,,,,,,,Dimensiones,,,,,,,,,,,,,,,,,,,,,,,,,,,,,,
media-library.sidebar.empty-text,"No file selected",,,,,,,,,,,,,,,,,,,,,,,,,没有选中文件,,,,"Nebyl vybrán žádný soubor",,"Geen bestand geselecteerd",,,,,,,"Aucun fichier sélectionné",,,,,,"Keine Datei ausgewählt",,,,,,,,,,,,,,,,,,,,"Nessun file selezionato",,,,,,,,,,,,,,,,,,,,,,,,,,,,"Ingen fil valgt",,,,,"Nie wybrano żadnego pliku","Nenhum ficheiro selecionado","Nenhum arquivo selecionado",,,,,"Файлы не выделены",,,,,,,,,,,,,,,,"Ningún archivo seleccionado",,,,,,,,,,,,,,,,,,,,,,,,,,,,,,
media-library.sidebar.files-selected,"files selected",,,,,,,,,,,,,,,,,,,,,,,,,已选中文件,,,,"vybraných souborů",,"bestanden geselecteerd",,,,,,,"fichiers sélectionnés",,,,,,"Dateien ausgewählt",,,,,,,,,,,,,,,,,,,,"file selezionati",,,,,,,,,,,,,,,,,,,,,,,,,,,,"filer valgt",,,,,"pliki wybrano","ficheiros selecionados","arquivos selecionados",,,,,"файлов выделено",,,,,,,,,,,,,,,,"archivos seleccionados",,,,,,,,,,,,,,,,,,,,,,,,,,,,,,
media-library.sidebar.tags,Tags,,,,,,,,,,,,,,,,,,,,,,,,,标签,,,,Tagy,,,,,,,,,Tags,,,,,,,,,,,,,,,,,,,,,,,,,,,,,,,,,,,,,,,,,,,,,,,,,,,,,,,,,,,Tagi,,,,,,,Теги,,,,,,,,,,,,,,,,,,,,,,,,,,,,,,,,,,,,,,,,,,,,,,
media-library.title,"Media Library",,,,,,,,,,,,,,,,,,,,,,,,,媒体库,,,,"Knihovna médií",,Mediabibliotheek,,,,,,,"Galerie de médias",,,,,,Medienverzeichnis,,,,,,,,,,,,,,,,,,,,Libreria,,,,,,,,,,,,,,,,,,,,,,,,,,,,Mediebibliotek,,,,,"Biblioteka mediów","Biblioteca multimédia","Biblioteca de mídias",,,,,"Медиа библиотека",,,,,,,,,,,,,,,,"Biblioteca Multimedia",,,,,,,,,,,,,,,,,,,,,,,,,,,,,,
media-library.update,Update,,,,,,,,,,,,,,,,,,,,,,,,,更新,,,,Aktualizovat,,,,,,,,,"Mettre a jour",,,,,,,,,,,,,,,,,,,,,,,,,,,,,,,,,,,,,,,,,,,,,,,,,,,,,,,,,,,Zmień,,,,,,,Обновить,,,,,,,,,,,,,,,,,,,,,,,,,,,,,,,,,,,,,,,,,,,,,,
media-library.unused-filter-label,"Show unused only",,,,,,,,,,,,,,,,,,,,,,,,,,,,,"Ukázat jen nepoužité",,,,,,,,,"Non utilisé seulement",,,,,,,,,,,,,,,,,,,,,,,,,,,,,,,,,,,,,,,,,,,,,,,,,,,,,,,,,,,,,,,,,,"Показать только неиспользуемые",,,,,,,,,,,,,,,,,,,,,,,,,,,,,,,,,,,,,,,,,,,,,,
modal.create.button,Create,,,,,,,,,,,,,,,,,,,,,,,,,创建,,,,Vytvořit,,Aanmaken,,,,,,,Créer,,,,,,Erstellen,,,,,,,,,,,,,,,,,,,,Crea,,,,,,,,,,,,,,,,,,,,,,,,,,,,Opprett,,,,,Utwórz,Criar,Criar,,,,,Создать,,,,,,,,,,,,,,,,Crear,,,,,,,,,,,,,,,,,,,,,,,,,,,,,,
modal.create.create-another,"Create and add another",,,,,,,,,,,,,,,,,,,,,,,,,继续创建,,,,"Vytvořit a přidat další",,"Aanmaken en andere toevoegen",,,,,,,"Créer et ajouter un(e) autre",,,,,,"Erstellen und noch etwas hinzufügen",,,,,,,,,,,,,,,,,,,,"Crea e aggiungi ancora",,,,,,,,,,,,,,,,,,,,,,,,,,,,"Opprett og lag ny",,,,,"Utwórz i dodaj nowy","Gravar e criar outro","Gravar e criar outro",,,,,"Создать и добавить другую",,,,,,,,,,,,,,,,"Crear y agregar otro",,,,,,,,,,,,,,,,,,,,,,,,,,,,,,
modal.create.title,"Add new",,,,,,,,,,,,,,,,,,,,,,,,,创建新内容,,,,"Přidat nový",,"Nieuw toevoegen",,,,,,,Ajouter,,,,,,"Neu erstellen",,,,,,,,,,,,,,,,,,,,Nuovo,,,,,,,,,,,,,,,,,,,,,,,,,,,,"Opprett ny",,,,,"Dodaj nowy","Criar novo","Criar novo",,,,,"Добавить новый",,,,,,,,,,,,,,,,"Agregar nuevo",,,,,,,,,,,,,,,,,,,,,,,,,,,,,,
modal.permalink-field,Permalink,,,,,,,,,,,,,,,,,,,,,,,,,链接,,,,"Trvalý odkaz",,Permalink,,,,,,,Permalien,,,,,,Permalink,,,,,,,,,,,,,,,,,,,,Permalink,,,,,,,,,,,,,,,,,,,,,,,,,,,,Permalenke,,,,,"Bezpośredni link","Link permanente","Link permanente",,,,,"Постоянная ссылка",,,,,,,,,,,,,,,,Permalink,,,,,,,,,,,,,,,,,,,,,,,,,,,,,,
modal.title-field,Title,,,,,,,,,,,,,,,,,,,,,,,,,标题,,,,Nadpis,,Titel,,,,,,,Titre,,,,,,Titel,,,,,,,,,,,,,,,,,,,,Titolo,,,,,,,,,,,,,,,,,,,,,,,,,,,,Tittel,,,,,Tytuł,Título,Título,,,,,Заголовок,,,,,,,,,,,,,,,,Título,,,,,,,,,,,,,,,,,,,,,,,,,,,,,,
modal.update.button,Update,,,,,,,,,,,,,,,,,,,,,,,,,更新,,,,Aktualizovat,,,,,,,,,"Mettre à jour",,,,,,,,,,,,,,,,,,,,,,,,,,,,,,,,,,,,,,,,,,,,,,,,,,,,,,,,,,,Zapisz,,,,,,,Обновить,,,,,,,,,,,,,,,,,,,,,,,,,,,,,,,,,,,,,,,,,,,,,,
modal.update.title,Update,,,,,,,,,,,,,,,,,,,,,,,,,更新,,,,Aktualizovat,,Bijwerken,,,,,,,"Mettre à jour",,,,,,Aktualisieren,,,,,,,,,,,,,,,,,,,,Aggiurna,,,,,,,,,,,,,,,,,,,,,,,,,,,,Oppdater,,,,,"Edytuj element",Atualizar,Atualizar,,,,,Обновить,,,,,,,,,,,,,,,,Actualizar,,,,,,,,,,,,,,,,,,,,,,,,,,,,,,
modal.done.button,Done,,,,,,,,,,,,,,,,,,,,,,,,,,,,,Hotovo,,,,,,,,,Continuer,,,,,,,,,,,,,,,,,,,,,,,,,,,,,,,,,,,,,,,,,,,,,,,,,,,,,,,,,,,,,,,,,,,,,,,,,,,,,,,,,,,,,,,,,,,,,,,,,,,,,,,,,,,,,,,,
nav.admin,Admin,,,,,,,,,,,,,,,,,,,,,,,,,管理员,,,,Admin,,Admin,,,,,,,Admin,,,,,,Admin,,,,,,,,,,,,,,,,,,,,Admin,,,,,,,,,,,,,,,,,,,,,,,,,,,,Administrator,,,,,Administracja,Administrador,Administrador,,,,,Администратор,,,,,,,,,,,,,,,,Admin,,,,,,,,,,,,,,,,,,,,,,,,,,,,,,
nav.cms-users,"CMS Users",,,,,,,,,,,,,,,,,,,,,,,,,用户,,,,Uživatelé,,CMS-gebruikers,,,,,,,"Utilisateurs du CMS",,,,,,"CMS Benutzer",,,,,,,,,,,,,,,,,,,,"CMS Utenti",,,,,,,,,,,,,,,,,,,,,,,,,,,,"CMS Brukere",,,,,"Użytkownicy panelu","Utilizadores do CMS","Usuários do CMS",,,,,"Пользователи CMS",,,,,,,,,,,,,,,,Usuarios,,,,,,,,,,,,,,,,,,,,,,,,,,,,,,
nav.logout,Logout,,,,,,,,,,,,,,,,,,,,,,,,,注销,,,,"Odhlásit se",,Uitloggen,,,,,,,Déconnexion,,,,,,Abmelden,,,,,,,,,,,,,,,,,,,,Esci,,,,,,,,,,,,,,,,,,,,,,,,,,,,"Logg ut",,,,,"Wyloguj się",Sair,Sair,,,,,Выйти,,,,,,,,,,,,,,,,Logout,,,,,,,,,,,,,,,,,,,,,,,,,,,,,,
nav.media-library,"Media Library",,,,,,,,,,,,,,,,,,,,,,,,,媒体库,,,,"Knihovna médií",,Mediabibliotheek,,,,,,,"Galerie de médias",,,,,,Medienverzeichnis,,,,,,,,,,,,,,,,,,,,Libreria,,,,,,,,,,,,,,,,,,,,,,,,,,,,Mediebibliotek,,,,,"Biblioteka mediów","Biblioteca multimédia","Biblioteca de mídias",,,,,"Медиа библиотека",,,,,,,,,,,,,,,,"Biblioteca Multimedia",,,,,,,,,,,,,,,,,,,,,,,,,,,,,,
nav.settings,Settings,,,,,,,,,,,,,,,,,,,,,,,,,设置,,,,Nastavení,,Instellingen,,,,,,,Paramètres,,,,,,Einstellungen,,,,,,,,,,,,,,,,,,,,Impostazioni,,,,,,,,,,,,,,,,,,,,,,,,,,,,Innstillinger,,,,,Ustawienia,Configurações,Configurações,,,,,Настройки,,,,,,,,,,,,,,,,Configuracion,,,,,,,,,,,,,,,,,,,,,,,,,,,,,,
nav.close-menu,"Close menu",,,,,,,,,,,,,,,,,,,,,,,,,,,,,"Zavřít menu",,,,,,,,,"Fermer le menu",,,,,,,,,,,,,,,,,,,,,,,,,,,,,,,,,,,,,,,,,,,,,,,,,,,,,,,,,,,,,,,,,,"Закрыть меню",,,,,,,,,,,,,,,,,,,,,,,,,,,,,,,,,,,,,,,,,,,,,,
notifications.reset.action,"Reset password",,,,,,,,,,,,,,,,,,,,,,,,,重置密码,,,,"Obnovit heslo",,,,,,,,,"Réinitialisation du mot de passe",,,,,,,,,,,,,,,,,,,,,,,,,,,,,,,,,,,,,,,,,,,,,,,,,,,,,,,,,,,"Zresetuj swoje hasło",,,,,,,"Сброс пароля",,,,,,,,,,,,,,,,,,,,,,,,,,,,,,,,,,,,,,,,,,,,,,
notifications.reset.content,"You are receiving this email because we received a password reset. If you did not request a password reset, no further action is required.",,,,,,,,,,,,,,,,,,,,,,,,,您收到这封邮件因为我们收到了你的密码重置申请，如果不是你操作的，请忽视本邮件。,,,,"Obrželi jste tento e-mail, jelikož jsme zaznamenali žádost o obnovení hesla. Pokud jste o nic nežádali, není nutná žádná další akce.",,,,,,,,,"Vous recevez cet e-mail car nous avons reçu une réinitialisation de mot de passe. Si vous n'avez pas demandé de réinitialisation du mot de passe, aucune autre action n'est requise.",,,,,,,,,,,,,,,,,,,,,,,,,,,,,,,,,,,,,,,,,,,,,,,,,,,,,,,,,,,"Otrzymujesz tą wiadomość ponieważ ktoś zgłosił prośbę o zresetowanie hasła dla tego konta. Jeżeli nie byłeś to ty, możesz po prostu zignorować tą wiadomość.",,,,,,,"Вы получили это письмо, потому что мы получили запрос на сброс пароля. Если вы не запрашивали сброс пароля, никаких дальнейших действий не требуется.",,,,,,,,,,,,,,,,,,,,,,,,,,,,,,,,,,,,,,,,,,,,,,
notifications.welcome.action,"Choose your own password",,,,,,,,,,,,,,,,,,,,,,,,,设置你的密码,,,,"Vytvořte si své vlastní heslo",,,,,,,,,"Choisissez votre propre mot de passe",,,,,,,,,,,,,,,,,,,,,,,,,,,,,,,,,,,,,,,,,,,,,,,,,,,,,,,,,,,"Ustaw swoje hasło",,,,,,,,,,,,,,,,,,,,,,,,,,,,,,,,,,,,,,,,,,,,,,,,,,,,,
notifications.welcome.content,"You are receiving this email because an account was created for you on :name.",,,,,,,,,,,,,,,,,,,,,,,,,"你收到本邮件因为我们为你创建了一个新账号 :name.",,,,"Obdrželi jste tento e-mail, protože byl pro Vás vytvořen účet na jméno :name.",,,,,,,,,"Vous recevez cet e-mail car un compte a été créé pour vous sur :nom.",,,,,,,,,,,,,,,,,,,,,,,,,,,,,,,,,,,,,,,,,,,,,,,,,,,,,,,,,,,"Otrzymujesz tą wiadomość ponieważ zostało utworzone dla ciebie konto na :name.",,,,,,,"Вы получили это письмо, потому что для вас была создана учетная запись :name.",,,,,,,,,,,,,,,,,,,,,,,,,,,,,,,,,,,,,,,,,,,,,,
notifications.welcome.title,Welcome,,,,,,,,,,,,,,,,,,,,,,,,,欢迎,,,,Vítejte,,,,,,,,,Bienvenue,,,,,,,,,,,,,,,,,,,,,,,,,,,,,,,,,,,,,,,,,,,,,,,,,,,,,,,,,,,Witaj,,,,,,,"Добро пожаловать",,,,,,,,,,,,,,,,,,,,,,,,,,,,,,,,,,,,,,,,,,,,,,
overlay.close,Close,,,,,,,,,,,,,,,,,,,,,,,,,关闭,,,,Zavřít,,,,,,,,,Fermer,,,,,,,,,,,,,,,,,,,,,,,,,,,,,,,,,,,,,,,,,,,,,,,,,,,,,,,,,,,Zamknij,,,,,,,Закрыть,,,,,,,,,,,,,,,,,,,,,,,,,,,,,,,,,,,,,,,,,,,,,,
previewer.compare-view,"Compare view",,,,,,,,,,,,,,,,,,,,,,,,,对比模式,,,,"Porovnat zobrazení",,,,,,,,,Comparer,,,,,,,,,,,,,,,,,,,,,,,,,,,,,,,,,,,,,,,,,,,,,,,,,,,,,,,,,,,"Porównaj wersje",,,,,,,Сравнить,,,,,,,,,,,,,,,,,,,,,,,,,,,,,,,,,,,,,,,,,,,,,,
previewer.current-revision,Current,,,,,,,,,,,,,,,,,,,,,,,,,当前修改,,,,Stávající,,,,,,,,,Active,,,,,,,,,,,,,,,,,,,,,,,,,,,,,,,,,,,,,,,,,,,,,,,,,,,,,,,,,,,Najnowsza,,,,,,,Текущий,,,,,,,,,,,,,,,,,,,,,,,,,,,,,,,,,,,,,,,,,,,,,,
previewer.editor,Editor,,,,,,,,,,,,,,,,,,,,,,,,,编辑器,,,,Editor,,,,,,,,,Editeur,,,,,,,,,,,,,,,,,,,,,,,,,,,,,,,,,,,,,,,,,,,,,,,,,,,,,,,,,,,Edytor,,,,,,,Редактор,,,,,,,,,,,,,,,,,,,,,,,,,,,,,,,,,,,,,,,,,,,,,,
previewer.last-edit,"Last edited",,,,,,,,,,,,,,,,,,,,,,,,,最后一次编辑,,,,"Poslední úprava",,,,,,,,,"Edité le",,,,,,,,,,,,,,,,,,,,,,,,,,,,,,,,,,,,,,,,,,,,,,,,,,,,,,,,,,,"Ostatnia zmiana",,,,,,,"Последняя редакция",,,,,,,,,,,,,,,,,,,,,,,,,,,,,,,,,,,,,,,,,,,,,,
previewer.past-revision,Past,,,,,,,,,,,,,,,,,,,,,,,,,曾经编辑,,,,"Minulé revize",,,,,,,,,Ancienne,,,,,,,,,,,,,,,,,,,,,,,,,,,,,,,,,,,,,,,,,,,,,,,,,,,,,,,,,,,Starsza,,,,,,,,,,,,,,,,,,,,,,,,,,,,,,,,,,,,,,,,,,,,,,,,,,,,,
previewer.restore,Restore,,,,,,,,,,,,,,,,,,,,,,,,,恢复,,,,Obnovit,,,,,,,,,Restaurer,,,,,,,,,,,,,,,,,,,,,,,,,,,,,,,,,,,,,,,,,,,,,,,,,,,,,,,,,,,Przywróć,,,,,,,Восстановить,,,,,,,,,,,,,,,,,,,,,,,,,,,,,,,,,,,,,,,,,,,,,,
previewer.revision-history,"Revision history",,,,,,,,,,,,,,,,,,,,,,,,,修改历史,,,,"Historie verzí",,,,,,,,,"Historique des revisions",,,,,,,,,,,,,,,,,,,,,,,,,,,,,,,,,,,,,,,,,,,,,,,,,,,,,,,,,,,"Historia zmian",,,,,,,"История изменений",,,,,,,,,,,,,,,,,,,,,,,,,,,,,,,,,,,,,,,,,,,,,,
previewer.single-view,"Single view",,,,,,,,,,,,,,,,,,,,,,,,,单一模式,,,,"Jednoduché zobrazení",,,,,,,,,"Prévisualiser les changements",,,,,,,,,,,,,,,,,,,,,,,,,,,,,,,,,,,,,,,,,,,,,,,,,,,,,,,,,,,"Wyświetl tylko starszą",,,,,,,,,,,,,,,,,,,,,,,,,,,,,,,,,,,,,,,,,,,,,,,,,,,,,
previewer.title,"Preview changes",,,,,,,,,,,,,,,,,,,,,,,,,预览修改内容,,,,"Náhled změn",,,,,,,,,"Prévisualiser les changements",,,,,,,,,,,,,,,,,,,,,,,,,,,,,,,,,,,,,,,,,,,,,,,,,,,,,,,,,,,"Podgląd zmian",,,,,,,"Предпросмотр изменений",,,,,,,,,,,,,,,,,,,,,,,,,,,,,,,,,,,,,,,,,,,,,,
previewer.unsaved,"Previewing with your unsaved changes",,,,,,,,,,,,,,,,,,,,,,,,,预览模式(内容未保存),,,,"Náhled bez uložení",,,,,,,,,"Prévisualisation de vos changements non sauvegardés",,,,,,,,,,,,,,,,,,,,,,,,,,,,,,,,,,,,,,,,,,,,,,,,,,,,,,,,,,,"Podgląd zawiera twoje niezapisane zmiany",,,,,,,,,,,,,,,,,,,,,,,,,,,,,,,,,,,,,,,,,,,,,,,,,,,,,
publisher.cancel,Cancel,,,,,,,,,,,,,,,,,,,,,,,,,取消,,,,Zrušit,,Annuleren,,,,,,,Annuler,,,,,,Abbrechen,,,,,,,,,,,,,,,,,,,,Annulla,,,,,,,,,,,,,,,,,,,,,,,,,,,,Avbryt,,,,,Anuluj,Cancelar,Cancelar,,,,,Отмена,,,,,,,,,,,,,,,,Cancelar,,,,,,,,,,,,,,,,,,,,,,,,,,,,,,
publisher.current,Current,,,,,,,,,,,,,,,,,,,,,,,,,当前的,,,,Stávající,,,,,,,,,Active,,,,,,,,,,,,,,,,,,,,,,,,,,,,,,,,,,,,,,,,,,,,,,,,,,,,,,,,,,,Najnowsza,,,,,,,Текущий,,,,,,,,,,,,,,,,,,,,,,,,,,,,,,,,,,,,,,,,,,,,,,
publisher.end-date,"End Date",,,,,,,,,,,,,,,,,,,,,,,,,结束日期,,,,"Poslední datum",,,,,,,,,"Date de fin",,,,,,,,,,,,,,,,,,,,,,,,,,,,,,,,,,,,,,,,,,,,,,,,,,,,,,,,,,,"Koniec publikacji",,,,,,,"Окончание активности",,,,,,,,,,,,,,,,,,,,,,,,,,,,,,,,,,,,,,,,,,,,,,
publisher.immediate,Immediate,,,,,,,,,,,,,,,,,,,,,,,,,立即,,,,Okamžitý,,,,,,,,,Maintenant,,,,,,,,,,,,,,,,,,,,,,,,,,,,,,,,,,,,,,,,,,,,,,,,,,,,,,,,,,,Natychmiast,,,,,,,Немедленно,,,,,,,,,,,,,,,,,,,,,,,,,,,,,,,,,,,,,,,,,,,,,,
publisher.languages,Languages,,,,,,,,,,,,,,,,,,,,,,,,,语言,,,,Jazyky,,,,,,,,,Languages,,,,,,,,,,,,,,,,,,,,,,,,,,,,,,,,,,,,,,,,,,,,,,,,,,,,,,,,,,,Języki,,,,,,,Языки,,,,,,,,,,,,,,,,,,,,,,,,,,,,,,,,,,,,,,,,,,,,,,
publisher.languages-published,Live,,,,,,,,,,,,,,,,,,,,,,,,,已发布,,,,Živě,,,,,,,,,Publie,,,,,,,,,,,,,,,,,,,,,,,,,,,,,,,,,,,,,,,,,,,,,,,,,,,,,,,,,,,opublikowano,,,,,,,,,,,,,,,,,,,,,,,,,,,,,,,,,,,,,,,,,,,,,,,,,,,,,
publisher.last-edit,"Last edited",,,,,,,,,,,,,,,,,,,,,,,,,最后一次编辑,,,,"Naposledy upraveno",,,,,,,,,"Edité le",,,,,,,,,,,,,,,,,,,,,,,,,,,,,,,,,,,,,,,,,,,,,,,,,,,,,,,,,,,"Ostatnia zmiana",,,,,,,"Последнее изменение",,,,,,,,,,,,,,,,,,,,,,,,,,,,,,,,,,,,,,,,,,,,,,
publisher.preview,"Preview changes",,,,,,,,,,,,,,,,,,,,,,,,,预览修改,,,,"Náhled změn",,,,,,,,,"Prévisualiser les changements",,,,,,,,,,,,,,,,,,,,,,,,,,,,,,,,,,,,,,,,,,,,,,,,,,,,,,,,,,,"Podgląd zmian",,,,,,,"Предпросмотр изменений",,,,,,,,,,,,,,,,,,,,,,,,,,,,,,,,,,,,,,,,,,,,,,
publisher.publish,Publish,,,,,,,,,,,,,,,,,,,,,,,,,发布,,,,Publikováno,,Publiceren,,,,,,,Publier,,,,,,Veröffentlichen,,,,,,,,,,,,,,,,,,,,Pubblica,,,,,,,,,,,,,,,,,,,,,,,,,,,,Publiser,,,,,Opublikuj,Publicar,Publicar,,,,,Опубликовать,,,,,,,,,,,,,,,,Publicar,,,,,,,,,,,,,,,,,,,,,,,,,,,,,,
publisher.publish-close,"Publish and close",,,,,,,,,,,,,,,,,,,,,,,,,发布并关闭,,,,"Publikovat a zavřít",,"Publiceren en sluiten",,,,,,,"Publier et fermer",,,,,,"Veröffentlichen und schließen",,,,,,,,,,,,,,,,,,,,"Pubblica e chiudi",,,,,,,,,,,,,,,,,,,,,,,,,,,,"Publiser og lukk",,,,,"Opublikuj i zamknij","Publicar e fechar","Publicar e fechar",,,,,"Опубликовать и закрыть",,,,,,,,,,,,,,,,"Publicar y cerrar",,,,,,,,,,,,,,,,,,,,,,,,,,,,,,
publisher.publish-new,"Publish and create new",,,,,,,,,,,,,,,,,,,,,,,,,发布并创建新内容,,,,"Publikovat a vytvořit nový",,"Publiceren en nieuwe aanmaken",,,,,,,"Publier et créer un nouveau",,,,,,"Veröffentlichen und neu erstellen",,,,,,,,,,,,,,,,,,,,"Pubblica e crea nuovo",,,,,,,,,,,,,,,,,,,,,,,,,,,,"Publiser og opprett ny",,,,,"Opublikuj i dodaj nowy","Publicar e criar outro","Publicar e criar outro",,,,,"Опубликовать и создать еще",,,,,,,,,,,,,,,,"Publicar y crear nuevo",,,,,,,,,,,,,,,,,,,,,,,,,,,,,,
publisher.published-on,"Published on",,,,,,,,,,,,,,,,,,,,,,,,,发布日期,,,,Publikováno,,,,,,,,,"Publié le",,,,,,,,,,,,,,,,,,,,,,,,,,,,,,,,,,,,,,,,,,,,,,,,,,,,,,,,,,,"Data publikacji",,,,,,,,,,,,,,,,,,,,,,,,,,,,,,,,,,,,,,,,,,,,,,,,,,,,,
publisher.restore-draft,"Restore as a draft",,,,,,,,,,,,,,,,,,,,,,,,,恢复为草稿,,,,"Obnovit jako koncept",,,,,,,,,"Restaurer en tant que brouillon",,,,,,,,,,,,,,,,,,,,,,,,,,,,,,,,,,,,,,,,,,,,,,,,,,,,,,,,,,,"Przywróć jako wersja robocza",,,,,,,,,,,,,,,,,,,,,,,,,,,,,,,,,,,,,,,,,,,,,,,,,,,,,
publisher.restore-draft-close,"Restore as a draft and close",,,,,,,,,,,,,,,,,,,,,,,,,恢复为草稿并关闭,,,,"Obnovit jako koncept a zavřít",,,,,,,,,"Restaurer en tant que brouillon et fermer",,,,,,,,,,,,,,,,,,,,,,,,,,,,,,,,,,,,,,,,,,,,,,,,,,,,,,,,,,,"Przywróć jako wersja robocza i zamknij",,,,,,,,,,,,,,,,,,,,,,,,,,,,,,,,,,,,,,,,,,,,,,,,,,,,,
publisher.restore-draft-new,"Restore as a draft and create new",,,,,,,,,,,,,,,,,,,,,,,,,恢复为草稿并创建新的,,,,"Obnovit jako koncept a vytvořit nový",,,,,,,,,"Restaurer en tant que brouillon et créer un nouveau",,,,,,,,,,,,,,,,,,,,,,,,,,,,,,,,,,,,,,,,,,,,,,,,,,,,,,,,,,,"Przywróć jako wersja robocza i dodaj nowy",,,,,,,,,,,,,,,,,,,,,,,,,,,,,,,,,,,,,,,,,,,,,,,,,,,,,
publisher.restore-live,"Restore as published",,,,,,,,,,,,,,,,,,,,,,,,,恢复为已发布,,,,"Obnovit jako publikované",,,,,,,,,"Restaurer avec le statut publié",,,,,,,,,,,,,,,,,,,,,,,,,,,,,,,,,,,,,,,,,,,,,,,,,,,,,,,,,,,"Przywróć i opublikuj",,,,,,,,,,,,,,,,,,,,,,,,,,,,,,,,,,,,,,,,,,,,,,,,,,,,,
publisher.restore-live-close,"Restore as published and close",,,,,,,,,,,,,,,,,,,,,,,,,恢复为已发布并关闭,,,,"Obnovit jako publikované a zavřít",,,,,,,,,"Restaurer avec le statut publié et fermer",,,,,,,,,,,,,,,,,,,,,,,,,,,,,,,,,,,,,,,,,,,,,,,,,,,,,,,,,,,"Przywróć, opublikuj i zamknij",,,,,,,,,,,,,,,,,,,,,,,,,,,,,,,,,,,,,,,,,,,,,,,,,,,,,
publisher.restore-live-new,"Restore as published and create new",,,,,,,,,,,,,,,,,,,,,,,,,恢复为已发布并创建新的,,,,"Obnovit jako publikované a vytvořit nové",,,,,,,,,"Restaurer avec le statut publié et créer un nouveau",,,,,,,,,,,,,,,,,,,,,,,,,,,,,,,,,,,,,,,,,,,,,,,,,,,,,,,,,,,"Przywróć, opublikuj i dodaj nowy",,,,,,,,,,,,,,,,,,,,,,,,,,,,,,,,,,,,,,,,,,,,,,,,,,,,,
publisher.restore-message,"You are currently editing an older revision of this content (saved by :user on :date). Make changes if needed and click restore to save a new revision.",,,,,,,,,,,,,,,,,,,,,,,,,"你当前在编辑一个旧的版本(由 :user 在 :date 所修改)，请修改完成后点击恢复将其保存。",,,,"Právě upravujete starší verzi tohoto obsahu (uloženo :date uživatelem :user). Proveďte nutné změny a klikněte tlačítko obnovit, abyste uložili novou revizi.",,,,,,,,,"Vous modifiez actuellement une ancienne révision de ce contenu (enregistrée par :user le :date). Apportez les modifications nécessaires et cliquez sur restaurer pour enregistrer une nouvelle révision.",,,,,,,,,,,,,,,,,,,,,,,,,,,,,,,,,,,,,,,,,,,,,,,,,,,,,,,,,,,"Jesteś w trakcie edytowania starszej wersji tej strony (zapisanej przez użytkownika :user w :date). Dodaj pożądane zmiany, i kliknij 'przywróć', aby zapisać stronę jako nową wersję.",,,,,,,,,,,,,,,,,,,,,,,,,,,,,,,,,,,,,,,,,,,,,,,,,,,,,
publisher.restore-success,"Revision restored.",,,,,,,,,,,,,,,,,,,,,,,,,已恢复,,,,"Revize obnovena.",,,,,,,,,"Révision restaurée.",,,,,,,,,,,,,,,,,,,,,,,,,,,,,,,,,,,,,,,,,,,,,,,,,,,,,,,,,,,"Starsza wersja przywrócona pomyślnie.",,,,,,,,,,,,,,,,,,,,,,,,,,,,,,,,,,,,,,,,,,,,,,,,,,,,,
publisher.revisions,Revisions,,,,,,,,,,,,,,,,,,,,,,,,,历史修改,,,,Revize,,,,,,,,,Révisions,,,,,,,,,,,,,,,,,,,,,,,,,,,,,,,,,,,,,,,,,,,,,,,,,,,,,,,,,,,"Historia zmian",,,,,,,,,,,,,,,,,,,,,,,,,,,,,,,,,,,,,,,,,,,,,,,,,,,,,
publisher.save,"Save as draft",,,,,,,,,,,,,,,,,,,,,,,,,保存为草稿,,,,"Uložit jako koncept",,"Opslaan als concept",,,,,,,"Enregistrer comme brouillon",,,,,,"Als Entwurf speichern",,,,,,,,,,,,,,,,,,,,"Salva come Bozza",,,,,,,,,,,,,,,,,,,,,,,,,,,,"Lagre som kladd",,,,,"Zapisz jako wersja robocza","Salvar como rascunho","Salvar como rascunho",,,,,"Сохранить как черновик",,,,,,,,,,,,,,,,"Guardar como borrador",,,,,,,,,,,,,,,,,,,,,,,,,,,,,,
publisher.save-close,"Save as draft and close",,,,,,,,,,,,,,,,,,,,,,,,,保存为草稿并关闭,,,,"Uložit jako koncept a zavřít",,"Opslaan als concept en sluiten",,,,,,,"Enregistrer comme brouillon et fermer",,,,,,"Als Entwurf speichern und schließen",,,,,,,,,,,,,,,,,,,,"Salva come Bozza e chiudi",,,,,,,,,,,,,,,,,,,,,,,,,,,,"Lagre som kladd og lukk",,,,,"Zapisz jako wersja robocza i zamknij","Salvar como rascunho e fechar","Salvar como rascunho e fechar",,,,,"Сохранить как черновик и закрыть",,,,,,,,,,,,,,,,"Guardar como borrador y cerrar",,,,,,,,,,,,,,,,,,,,,,,,,,,,,,
publisher.save-new,"Save as draft and create new",,,,,,,,,,,,,,,,,,,,,,,,,保存为草稿并创建新内容,,,,"Uložit jako koncept a vytvořit nový",,"Opslaan als concept en nieuwe aanmaken",,,,,,,"Enregistrer comme brouillon et créer un nouveau",,,,,,"Als Entwurf speichern und neu erstellen",,,,,,,,,,,,,,,,,,,,"Salva come bozza e crea nuovo",,,,,,,,,,,,,,,,,,,,,,,,,,,,"Lagre som kladd og opprett ny",,,,,"Zapisz jako wersja robocza i dodaj nowy","Salvar como rascunho e criar outro","Salvar como rascunho e criar outro",,,,,"Сохранить как черновик и создать еще",,,,,,,,,,,,,,,,"Guardar como borrador y crear nuevo",,,,,,,,,,,,,,,,,,,,,,,,,,,,,,
publisher.save-success,"Content saved. All good!",,,,,,,,,,,,,,,,,,,,,,,,,内容已保存,,,,"Obsah uložen. Všechno v pořádku!",,,,,,,,,"Contenu sauvegardé. Tout va bien!",,,,,,,,,,,,,,,,,,,,,,,,,,,,,,,,,,,,,,,,,,,,,,,,,,,,,,,,,,,"Strona zapisana pomyślnie.",,,,,,,"Контент сохранён. Всё хорошо!",,,,,,,,,,,,,,,,,,,,,,,,,,,,,,,,,,,,,,,,,,,,,,
publisher.start-date,"Start Date",,,,,,,,,,,,,,,,,,,,,,,,,开始日期,,,,"Počáteční datum",,,,,,,,,"Date de début",,,,,,,,,,,,,,,,,,,,,,,,,,,,,,,,,,,,,,,,,,,,,,,,,,,,,,,,,,,"Początek publikacji",,,,,,,"Начало активности",,,,,,,,,,,,,,,,,,,,,,,,,,,,,,,,,,,,,,,,,,,,,,
publisher.switcher-title,Status,,,,,,,,,,,,,,,,,,,,,,,,,状态,,,,Stav,,Status,,,,,,,Statut,,,,,,Status,,,,,,,,,,,,,,,,,,,,Stato,,,,,,,,,,,,,,,,,,,,,,,,,,,,Status,,,,,Stan,Situação,Situação,,,,,Статус,,,,,,,,,,,,,,,,Estado,,,,,,,,,,,,,,,,,,,,,,,,,,,,,,
publisher.update,Update,,,,,,,,,,,,,,,,,,,,,,,,,更新,,,,Aktualizovat,,Bijwerken,,,,,,,"Mettre à jour",,,,,,Aktualisieren,,,,,,,,,,,,,,,,,,,,Aggiorna,,,,,,,,,,,,,,,,,,,,,,,,,,,,Oppdater,,,,,Zapisz,Atualizar,Atualizar,,,,,Обновить,,,,,,,,,,,,,,,,Actualizar,,,,,,,,,,,,,,,,,,,,,,,,,,,,,,
publisher.update-close,"Update and close",,,,,,,,,,,,,,,,,,,,,,,,,更新并关闭,,,,"Aktualizovat a zavřít",,"Bijwerken en sluiten",,,,,,,"Mettre à jour et fermer",,,,,,"Aktualisieren und schließen",,,,,,,,,,,,,,,,,,,,"Aggiorna e chiudi",,,,,,,,,,,,,,,,,,,,,,,,,,,,"Oppdater og lukk",,,,,"Zapisz i zamknij","Atualizar e fechar","Atualizar e fechar",,,,,"Обновить и закрыть",,,,,,,,,,,,,,,,"Actualizar y cerrar",,,,,,,,,,,,,,,,,,,,,,,,,,,,,,
publisher.update-new,"Update and create new",,,,,,,,,,,,,,,,,,,,,,,,,更新并创建新内容,,,,"Aktualizovat a vytvořit nové",,"Bijwerken en nieuwe aanmaken",,,,,,,"Mettre à jour et créer un nouveau",,,,,,"Aktualisieren und neu erstellen",,,,,,,,,,,,,,,,,,,,"Aggiorna e crea nuovo",,,,,,,,,,,,,,,,,,,,,,,,,,,,"Oppdater og opprett ny",,,,,"Zapisz i dodaj nowy","Atualizar e criar outro","Atualizar e criar outro",,,,,"Обновить и создать еще",,,,,,,,,,,,,,,,"Actualizar y creatr nuevo",,,,,,,,,,,,,,,,,,,,,,,,,,,,,,
publisher.parent-page,"Parent page",,,,,,,,,,,,,,,,,,,,,,,,,,,,,"Nadřazená stránka",,,,,,,,,"Page parente",,,,,,,,,,,,,,,,,,,,,,,,,,,,,,,,,,,,,,,,,,,,,,,,,,,,,,,,,,,,,,,,,,,,,,,,,,,,,,,,,,,,,,,,,,,,,,,,,,,,,,,,,,,,,,,,
publisher.review-status,"Review status",,,,,,,,,,,,,,,,,,,,,,,,,,,,,"Stav kontroly",,,,,,,,,"Statut de révision",,,,,,,,,,,,,,,,,,,,,,,,,,,,,,,,,,,,,,,,,,,,,,,,,,,,,,,,,,,,,,,,,,,,,,,,,,,,,,,,,,,,,,,,,,,,,,,,,,,,,,,,,,,,,,,,
publisher.visibility,Visibility,,,,,,,,,,,,,,,,,,,,,,,,,,,,,Viditelnost,,,,,,,,,Visibilité,,,,,,,,,,,,,,,,,,,,,,,,,,,,,,,,,,,,,,,,,,,,,,,,,,,,,,,,,,,,,,,,,,,,,,,,,,,,,,,,,,,,,,,,,,,,,,,,,,,,,,,,,,,,,,,,
select.empty-text,"Sorry, no matching options.",,,,,,,,,,,,,,,,,,,,,,,,,请选择选项,,,,"Omlouvám se, žádná shoda.",,"Sorry, geen overeenkomstige opties.",,,,,,,"Désolé, aucune correspondance trouvée.",,,,,,"Entschuldige, keine treffenden Optionen",,,,,,,,,,,,,,,,,,,,"...nessuna opzione",,,,,,,,,,,,,,,,,,,,,,,,,,,,"Beklager, ingen alternativ matcher valget.",,,,,"Nie znaleziono pasujących parametrów.","Desculpe, nada foi encontrado.","Desculpe, nada foi encontrado.",,,,,"Нет соответствующих параметров.",,,,,,,,,,,,,,,,"No hay coincidencias.",,,,,,,,,,,,,,,,,,,,,,,,,,,,,,
uploader.dropzone-text,"or drop new files here",,,,,,,,,,,,,,,,,,,,,,,,,或者将文件拖拽至此处,,,,"nebo přetáhněte soubory sem",,"of sleep nieuwe bestanden naar hier",,,,,,,"ou faites glisser de nouveaux fichiers ici",,,,,,"oder neue Dateien hier ablegen",,,,,,,,,,,,,,,,,,,,"o trascina i file qui",,,,,,,,,,,,,,,,,,,,,,,,,,,,"eller dra- og slipp filer her",,,,,"lub upuść pliki tutaj","ou solte novos ficheiros aqui","ou solte novos arquivos aqui",,,,,"или перетащите сюда файлы.",,,,,,,,,,,,,,,,"o arrastre los archivos aquí.",,,,,,,,,,,,,,,,,,,,,,,,,,,,,,
uploader.upload-btn-label,"Add new",,,,,,,,,,,,,,,,,,,,,,,,,上传文件,,,,Přidat,,"Nieuw toevoegen",,,,,,,Ajouter,,,,,,"Neu hinzufügen",,,,,,,,,,,,,,,,,,,,Aggiungi,,,,,,,,,,,,,,,,,,,,,,,,,,,,"Last opp",,,,,"Dodaj nowy","Criar novo","Criar novo",,,,,Загрузите,,,,,,,,,,,,,,,,"Agregar nuevo",,,,,,,,,,,,,,,,,,,,,,,,,,,,,,
user-management.2fa,"2-factor authentication",,,,,,,,,,,,,,,,,,,,,,,,,双重验证,,,,"Dvoufázové ověření",,,,,,,,,"Identification a 2 facteurs",,,,,,,,,,,,,,,,,,,,,,,,,,,,,,,,,,,,,,,,,,,,,,,,,,,,,,,,,,,"uwierzytelnianie dwuskładnikowe",,,,,,,"2-фактороная аутентификация",,,,,,,,,,,,,,,,,,,,,,,,,,,,,,,,,,,,,,,,,,,,,,
user-management.2fa-description,"Please scan this QR code with a Google Authenticator compatible application and enter your one time password below before submitting. See a list of compatible applications <a href="":link"" target=""_blank"" rel=""noopener"">here</a>.",,,,,,,,,,,,,,,,,,,,,,,,,"请用Google Authenticator或相似兼容软件扫描此二维码，并输入一次性密码。<a href="":link"" target=""_blank"" rel=""noopener"">兼容列表</a>.",,,,"Prosím naskenujte tento QR kód s aplikací komptabilní s Google Authenticator a vložte své jednorázové heslo před uložením. Seznam kompatibilních aplikací <a href="":link"" target=""_blank"" rel=""noopener"">můžete najít zde</a>.",,,,,,,,,"Veuillez scanner ce code QR avec une application compatible avec Google Authenticator et entrez votre mot de passe unique ci-dessous avant de le soumettre. Consultez la liste des applications compatibles <a href="":link"" target=""_blank"" rel=""noopener"">ici</a>.",,,,,,,,,,,,,,,,,,,,,,,,,,,,,,,,,,,,,,,,,,,,,,,,,,,,,,,,,,,"Zeskanuj ten kod QR w aplikacji kompatybilnej z Google Authenticator i wprowadź swój jednorazowy kod do poniższego pola. <a href="":link"" target=""_blank"" rel=""noopener"">Tutaj</a> możesz znaleźć listę kompatybilnych aplikacji.",,,,,,,,,,,,,,,,,,,,,,,,,,,,,,,,,,,,,,,,,,,,,,,,,,,,,
user-management.2fa-disable,"Enter your one time password to disable the 2-factor authentication",,,,,,,,,,,,,,,,,,,,,,,,,请输入你的一次性密码来关闭双重验证,,,,"Vložte své jednorázové heslo pro vypnutí dvoufaktorového ověření",,,,,,,,,"Entrez votre mot de passe unique pour désactiver l'authentification à 2 facteurs",,,,,,,,,,,,,,,,,,,,,,,,,,,,,,,,,,,,,,,,,,,,,,,,,,,,,,,,,,,"Podaj swój kod jednorazowy aby wyłączyć uwierzytelnianie dwuskładnikowe",,,,,,,,,,,,,,,,,,,,,,,,,,,,,,,,,,,,,,,,,,,,,,,,,,,,,
user-management.active,Active,,,,,,,,,,,,,,,,,,,,,,,,,已激活,,,,Aktivní,,Actief,,,,,,,Actif,,,,,,Aktiv,,,,,,,,,,,,,,,,,,,,Attivi,,,,,,,,,,,,,,,,,,,,,,,,,,,,Aktive,,,,,Aktywny,Ativo,Ativo,,,,,Активные,,,,,,,,,,,,,,,,Activar,,,,,,,,,,,,,,,,,,,,,,,,,,,,,,
user-management.cancel,Cancel,,,,,,,,,,,,,,,,,,,,,,,,,取消,,,,Zrušit,,Annuleren,,,,,,,Annuler,,,,,,Abbrechen,,,,,,,,,,,,,,,,,,,,Annulla,,,,,,,,,,,,,,,,,,,,,,,,,,,,Avbryt,,,,,Anuluj,Cancelar,Cancelar,,,,,Отмена,,,,,,,,,,,,,,,,Cancelar,,,,,,,,,,,,,,,,,,,,,,,,,,,,,,
user-management.content-fieldset-label,"User settings",,,,,,,,,,,,,,,,,,,,,,,,,用户设置,,,,"Uživatelské nastavení",,Gebruikersinstellingen,,,,,,,"Paramètres utilisateur",,,,,,"Benutzer Einstellungen",,,,,,,,,,,,,,,,,,,,"Impostazioni utente",,,,,,,,,,,,,,,,,,,,,,,,,,,,Brukerinnstilling,,,,,"Ustawienia użytkownika","Configurações do utilizador","Configurações do usuário",,,,,"Настройки пользователя",,,,,,,,,,,,,,,,"Configuración de Usuario",,,,,,,,,,,,,,,,,,,,,,,,,,,,,,
user-management.description,Description,,,,,,,,,,,,,,,,,,,,,,,,,描述,,,,Popis,,,,,,,,,Description,,,,,,,,,,,,,,,,,,,,,,,,,,,,,,,,,,,,,,,,,,,,,,,,,,,,,,,,,,,Opis,,,,,,,Описание,,,,,,,,,,,,,,,,,,,,,,,,,,,,,,,,,,,,,,,,,,,,,,
user-management.disabled,Disabled,,,,,,,,,,,,,,,,,,,,,,,,,已停用,,,,Zakázáno,,Uitgeschakeld,,,,,,,Désactivé,,,,,,Deaktiviert,,,,,,,,,,,,,,,,,,,,Disabilitati,,,,,,,,,,,,,,,,,,,,,,,,,,,,Deaktivert,,,,,Nieaktywny,Desabilitado,Desabilitado,,,,,Отключенные,,,,,,,,,,,,,,,,Deshabilitar,,,,,,,,,,,,,,,,,,,,,,,,,,,,,,
user-management.edit-modal-title,"Edit user name",,,,,,,,,,,,,,,,,,,,,,,,,修改名字,,,,"Upravit uživatelské jméno",,"Bewerk gebruikersnaam",,,,,,,"Éditer le nom d’utilisateur",,,,,,"Benutzername bearbeiten",,,,,,,,,,,,,,,,,,,,"Modifica il nominativo",,,,,,,,,,,,,,,,,,,,,,,,,,,,"Rediger brukernavn",,,,,"Zmień nazwe użytkownika","Alterar nome do utilizador","Alterar nome do usuário",,,,,"Изменить имя",,,,,,,,,,,,,,,,"Editar nombre de usuario",,,,,,,,,,,,,,,,,,,,,,,,,,,,,,
user-management.email,Email,,,,,,,,,,,,,,,,,,,,,,,,,邮箱,,,,E-mail,,E-mail,,,,,,,Email,,,,,,Email,,,,,,,,,,,,,,,,,,,,Email,,,,,,,,,,,,,,,,,,,,,,,,,,,,Epost,,,,,Email,"Correio eletrónico",E-mail,,,,,Email,,,,,,,,,,,,,,,,Email,,,,,,,,,,,,,,,,,,,,,,,,,,,,,,
user-management.enable-user,"Enable user",,,,,,,,,,,,,,,,,,,,,,,,,激活用户,,,,"Povolit uživatele",,"Gebruiker inschakelen",,,,,,,"Activer l’utilisateur",,,,,,"Benutzer aktivieren",,,,,,,,,,,,,,,,,,,,Abilita,,,,,,,,,,,,,,,,,,,,,,,,,,,,"Aktiver bruker",,,,,"Uaktywnij użytkownika","Habilitar utilizador","Habilitar usuário",,,,,"Включить пользователя",,,,,,,,,,,,,,,,"Habilitar usuario",,,,,,,,,,,,,,,,,,,,,,,,,,,,,,
user-management.enable-user-and-close,"Enable user and close",,,,,,,,,,,,,,,,,,,,,,,,,激活用户并关闭当前窗口,,,,"Povolit uživatele a zavřít",,"Gebruiker inschakelen en sluiten",,,,,,,"Activer l'utilisateur et fermer",,,,,,"Benutzer aktivieren und schließen",,,,,,,,,,,,,,,,,,,,"Abilita e chiudi",,,,,,,,,,,,,,,,,,,,,,,,,,,,"Aktiver bruker og lukk",,,,,"Uaktywnij użytkownika i zamknij","Habilitar utilizador e fechar","Habilitar usuário e fechar",,,,,"Включить пользователя и закрыть",,,,,,,,,,,,,,,,"Habilitar usuario y cerrar",,,,,,,,,,,,,,,,,,,,,,,,,,,,,,
user-management.enable-user-and-create-new,"Enable user and create new",,,,,,,,,,,,,,,,,,,,,,,,,激活用户并创建新用户,,,,"Povolit uživatele a vytvořit nového",,"Gebruiker inschakelen en nieuwe aanmaken",,,,,,,"Activer l'utilisateur et créer un nouveau",,,,,,"Benutzer aktivieren und neu erstellen",,,,,,,,,,,,,,,,,,,,"Abilita e crea nuovo",,,,,,,,,,,,,,,,,,,,,,,,,,,,"Aktiver bruker og opprett ny",,,,,"Uaktywnij użytkownika i dodaj nowego","Habilitar utilizador e criar outro","Habilitar usuário e criar outro",,,,,"Включить пользователя и создать еще",,,,,,,,,,,,,,,,"Habilitar usuario y crear nuevo",,,,,,,,,,,,,,,,,,,,,,,,,,,,,,
user-management.enabled,Enabled,,,,,,,,,,,,,,,,,,,,,,,,,已激活,,,,Povolen,,Ingeschakeld,,,,,,,Activé,,,,,,Aktiviert,,,,,,,,,,,,,,,,,,,,Abilitati,,,,,,,,,,,,,,,,,,,,,,,,,,,,Enabled,,,,,Aktywny,Habilitado,Habilitado,,,,,Включенные,,,,,,,,,,,,,,,,Habilitar,,,,,,,,,,,,,,,,,,,,,,,,,,,,,,
user-management.language,Language,,,,,,,,,,,,,,,,,,,,,,,,,语言,,,,Jazyk,,,,,,,,,Language,,,,,,,,,,,,,,,,,,,,,,,,,,,,,,,,,,,,,,,,,,,,,,,,,,,,,,,,,,,Język,,,,,,,Язык,,,,,,,,,,,,,,,,,,,,,,,,,,,,,,,,,,,,,,,,,,,,,,
user-management.language-placeholder,"Select a language",,,,,,,,,,,,,,,,,,,,,,,,,选择语言,,,,"Vyberte jazyk",,,,,,,,,"Sélectionner une langue",,,,,,,,,,,,,,,,,,,,,,,,,,,,,,,,,,,,,,,,,,,,,,,,,,,,,,,,,,,"Wybierz język",,,,,,,"Выберите язык",,,,,,,,,,,,,,,,,,,,,,,,,,,,,,,,,,,,,,,,,,,,,,
user-management.name,Name,,,,,,,,,,,,,,,,,,,,,,,,,名字,,,,Jméno,,Naam,,,,,,,Nom,,,,,,Name,,,,,,,,,,,,,,,,,,,,Nominativo,,,,,,,,,,,,,,,,,,,,,,,,,,,,Navn,,,,,Nazwa,Nome,Nome,,,,,Имя,,,,,,,,,,,,,,,,Nombre,,,,,,,,,,,,,,,,,,,,,,,,,,,,,,
user-management.otp,"One time password",,,,,,,,,,,,,,,,,,,,,,,,,一次性密码,,,,"Jednorázové heslo",,,,,,,,,"Password à usage unique",,,,,,,,,,,,,,,,,,,,,,,,,,,,,,,,,,,,,,,,,,,,,,,,,,,,,,,,,,,"Kod jednorazowy",,,,,,,"Одноразовый пароль",,,,,,,,,,,,,,,,,,,,,,,,,,,,,,,,,,,,,,,,,,,,,,
user-management.profile-image,"Profile image",,,,,,,,,,,,,,,,,,,,,,,,,头像,,,,"Profilový obrázek",,,,,,,,,"Image de profil",,,,,,,,,,,,,,,,,,,,,,,,,,,,,,,,,,,,,,,,,,,,,,,,,,,,,,,,,,,"Zdjęcie profilowe",,,,,,,"Изображение профиля",,,,,,,,,,,,,,,,,,,,,,,,,,,,,,,,,,,,,,,,,,,,,,
user-management.role,Role,,,,,,,,,,,,,,,,,,,,,,,,,角色,,,,Role,,Rol,,,,,,,Rôle,,,,,,Rolle,,,,,,,,,,,,,,,,,,,,Ruolo,,,,,,,,,,,,,,,,,,,,,,,,,,,,Rolle,,,,,Rola,Função,Função,,,,,Роль,,,,,,,,,,,,,,,,Rol,,,,,,,,,,,,,,,,,,,,,,,,,,,,,,
user-management.role-placeholder,"Select a role",,,,,,,,,,,,,,,,,,,,,,,,,选择一个角色,,,,"Vyberte roli",,,,,,,,,"Selectionner un rôle",,,,,,,,,,,,,,,,,,,,,,,,,,,,,,,,,,,,,,,,,,,,,,,,,,,,,,,,,,,"Wybierz rolę",,,,,,,"Выберите роль",,,,,,,,,,,,,,,,,,,,,,,,,,,,,,,,,,,,,,,,,,,,,,
user-management.title,Title,,,,,,,,,,,,,,,,,,,,,,,,,标题,,,,Nadpis,,,,,,,,,Titre,,,,,,,,,,,,,,,,,,,,,,,,,,,,,,,,,,,,,,,,,,,,,,,,,,,,,,,,,,,Tytuł,,,,,,,Заголовок,,,,,,,,,,,,,,,,,,,,,,,,,,,,,,,,,,,,,,,,,,,,,,
user-management.trash,Trash,,,,,,,,,,,,,,,,,,,,,,,,,已删除,,,,Koš,,Prullenbak,,,,,,,Corbeille,,,,,,Papierkorb,,,,,,,,,,,,,,,,,,,,Cestino,,,,,,,,,,,,,,,,,,,,,,,,,,,,Søppel,,,,,Kosz,Lixeira,Lixeira,,,,,"В корзине",,,,,,,,,,,,,,,,Borrados,,,,,,,,,,,,,,,,,,,,,,,,,,,,,,
user-management.update,Update,,,,,,,,,,,,,,,,,,,,,,,,,更新,,,,Aktualizovat,,Bijwerken,,,,,,,"Mettre à jour",,,,,,Aktualisieren,,,,,,,,,,,,,,,,,,,,Aggiorna,,,,,,,,,,,,,,,,,,,,,,,,,,,,Oppdater,,,,,Zapisz,Atualizar,Atualizar,,,,,Обновить,,,,,,,,,,,,,,,,Actualizar,,,,,,,,,,,,,,,,,,,,,,,,,,,,,,
user-management.update-and-close,"Update and close",,,,,,,,,,,,,,,,,,,,,,,,,更新并关闭当前窗口,,,,"Aktualizovat a zavřít",,"Bijwerken en sluiten",,,,,,,"Mettre à jour et fermer",,,,,,"Aktualisieren und schließen",,,,,,,,,,,,,,,,,,,,"Aggiorna e chiudi",,,,,,,,,,,,,,,,,,,,,,,,,,,,"Oppdater og lukk",,,,,"Zapisz i zamknij","Atualizar e fechar","Atualizar e fechar",,,,,"Обновить и закрыть",,,,,,,,,,,,,,,,"Actualizar y cerrar",,,,,,,,,,,,,,,,,,,,,,,,,,,,,,
user-management.update-and-create-new,"Update and create new",,,,,,,,,,,,,,,,,,,,,,,,,更新并创建新用户,,,,"Aktualizovat a vytvořit nového",,"Bijwerken en nieuwe aanmaken",,,,,,,"Mettre à jour et créer un nouveau",,,,,,"Aktualisieren und neu erstellen",,,,,,,,,,,,,,,,,,,,"Aggiorna e crea nuovo",,,,,,,,,,,,,,,,,,,,,,,,,,,,"Oppdater og opprett ny",,,,,"Zapisz i dodaj nowego","Atualizar e criar outro","Atualizar e criar outro",,,,,"Обновить и создать еще",,,,,,,,,,,,,,,,"Actualizar t crear nuevo",,,,,,,,,,,,,,,,,,,,,,,,,,,,,,
user-management.update-disabled-and-close,"Update disabled and close",,,,,,,,,,,,,,,,,,,,,,,,,更新并关闭窗口,,,,"Aktualizovat deaktiovaného uživatele a zavřít",,"Uitgeschakeld bijwerken en sluiten",,,,,,,"Mettre à jour l'utilisateur désactivé et fermer",,,,,,"Deaktivierten aktualisieren und schließen",,,,,,,,,,,,,,,,,,,,"Disabilita e chiudi",,,,,,,,,,,,,,,,,,,,,,,,,,,,"Oppdater deaktivert bruker og lukk",,,,,"Zapisz nieaktywnego użytkownika i zamknij","Atualizar desabilitado e fechar","Atualizar desabilitado e fechar",,,,,"Обновить отключенного пользователя и закрыть",,,,,,,,,,,,,,,,"Actualizar usuario deshabilitado y cerrar",,,,,,,,,,,,,,,,,,,,,,,,,,,,,,
user-management.update-disabled-user,"Update disabled user",,,,,,,,,,,,,,,,,,,,,,,,,更新,,,,"Aktualizovat deaktiovaného uživatele",,"Uitgeschakelde gebruiker bijwerken",,,,,,,"Mettre à jour l'utilisateur désactivé",,,,,,"Deaktivierten Benutzer aktualisieren",,,,,,,,,,,,,,,,,,,,Disabilita,,,,,,,,,,,,,,,,,,,,,,,,,,,,"Oppdater deaktivert bruker",,,,,"Zapisz nieaktywnego użytkownika","Atualizar utilizador desabilitado","Atualizar usuário desabilitado",,,,,"Обновить отключенного пользователя",,,,,,,,,,,,,,,,"Actualizar usuario deshabilitado",,,,,,,,,,,,,,,,,,,,,,,,,,,,,,
user-management.update-disabled-user-and-create-new,"Update disabled user and create new",,,,,,,,,,,,,,,,,,,,,,,,,更新并创建新用户,,,,"Aktualizovat deaktivovaného uživatele a vytvořit nového",,"Uitgeschakelde gebruiker bijwerken en nieuwe aanmaken",,,,,,,"Mettre à jour l'utilisateur désactivé et créer un nouveau",,,,,,"Deaktivierten Benutzer aktualisieren und neuen erstellen",,,,,,,,,,,,,,,,,,,,"Disabilita e crea nuovo",,,,,,,,,,,,,,,,,,,,,,,,,,,,"Oppdater deaktivert bruker og opprett ny",,,,,"Zapisz nieaktywnego użytkownika i dodaj nowego","Atualizar utilizador desabilitado e criar outro","Atualizar usuário desabilitado e criar outro",,,,,"Обновить отключенного пользователя и создать еще",,,,,,,,,,,,,,,,"Actualizar usuario deshabilitado y crear nuevo",,,,,,,,,,,,,,,,,,,,,,,,,,,,,,
user-management.user-image,Image,,,,,,,,,,,,,,,,,,,,,,,,,头像,,,,Obrázek,,Afbeelding,,,,,,,Image,,,,,,Bild,,,,,,,,,,,,,,,,,,,,"Immagine utente",,,,,,,,,,,,,,,,,,,,,,,,,,,,Bilde,,,,,Zdjęcie,Imagem,Imagem,,,,,Изображение,,,,,,,,,,,,,,,,Imagen,,,,,,,,,,,,,,,,,,,,,,,,,,,,,,
user-management.users,Users,,,,,,,,,,,,,,,,,,,,,,,,,用户,,,,Uživatelé,,Gebruikers,,,,,,,Utilisateurs,,,,,,Benutzer,,,,,,,,,,,,,,,,,,,,Utenti,,,,,,,,,,,,,,,,,,,,,,,,,,,,Brukere,,,,,Użytkownicy,Utilizadores,Usuários,,,,,Пользователи,,,,,,,,,,,,,,,,Usuarios,,,,,,,,,,,,,,,,,,,,,,,,,,,,,,
dashboard.search.loading,Loading…,,,,,,,,,,,,,,,,,,,,,,,,,,,,,,,,,,,,,,Chargement...,,,,,,,,,,,,,,,,,,,,,,,,,,,,,,,,,,,,,,,,,,,,,,,,,,,,,,,,,,,,,,,,,,,,,,,,,,,,,,,,,,,,,,,,,,,,,,,,,,,,,,,,,,,,,,,,
dashboard.search.no-result,"No results found.",,,,,,,,,,,,,,,,,,,,,,,,,,,,,,,,,,,,,,"Aucun résultat trouvé.",,,,,,,,,,,,,,,,,,,,,,,,,,,,,,,,,,,,,,,,,,,,,,,,,,,,,,,,,,,,,,,,,,,,,,,,,,,,,,,,,,,,,,,,,,,,,,,,,,,,,,,,,,,,,,,,
dashboard.search.last-edit,"Last edited",,,,,,,,,,,,,,,,,,,,,,,,,,,,,,,,,,,,,,"Edité le",,,,,,,,,,,,,,,,,,,,,,,,,,,,,,,,,,,,,,,,,,,,,,,,,,,,,,,,,,,,,,,,,,,,,,,,,,,,,,,,,,,,,,,,,,,,,,,,,,,,,,,,,,,,,,,,
dashboard.activities.created,Created,,,,,,,,,,,,,,,,,,,,,,,,,,,,,,,,,,,,,,Créé,,,,,,,,,,,,,,,,,,,,,,,,,,,,,,,,,,,,,,,,,,,,,,,,,,,,,,,,,,,,,,,,,,,,,,,,,,,,,,,,,,,,,,,,,,,,,,,,,,,,,,,,,,,,,,,,
dashboard.activities.updated,Updated,,,,,,,,,,,,,,,,,,,,,,,,,,,,,,,,,,,,,,"Mis à jour",,,,,,,,,,,,,,,,,,,,,,,,,,,,,,,,,,,,,,,,,,,,,,,,,,,,,,,,,,,,,,,,,,,,,,,,,,,,,,,,,,,,,,,,,,,,,,,,,,,,,,,,,,,,,,,,
dashboard.activities.unpublished,Unpublished,,,,,,,,,,,,,,,,,,,,,,,,,,,,,,,,,,,,,,Dépublié,,,,,,,,,,,,,,,,,,,,,,,,,,,,,,,,,,,,,,,,,,,,,,,,,,,,,,,,,,,,,,,,,,,,,,,,,,,,,,,,,,,,,,,,,,,,,,,,,,,,,,,,,,,,,,,,
dashboard.activities.published,Published,,,,,,,,,,,,,,,,,,,,,,,,,,,,,,,,,,,,,,Publié,,,,,,,,,,,,,,,,,,,,,,,,,,,,,,,,,,,,,,,,,,,,,,,,,,,,,,,,,,,,,,,,,,,,,,,,,,,,,,,,,,,,,,,,,,,,,,,,,,,,,,,,,,,,,,,,
dashboard.activities.featured,Featured,,,,,,,,,,,,,,,,,,,,,,,,,,,,,,,,,,,,,,"Mis en avant",,,,,,,,,,,,,,,,,,,,,,,,,,,,,,,,,,,,,,,,,,,,,,,,,,,,,,,,,,,,,,,,,,,,,,,,,,,,,,,,,,,,,,,,,,,,,,,,,,,,,,,,,,,,,,,,
dashboard.activities.unfeatured,Unfeatured,,,,,,,,,,,,,,,,,,,,,,,,,,,,,,,,,,,,,,"N'est plus mis en avant",,,,,,,,,,,,,,,,,,,,,,,,,,,,,,,,,,,,,,,,,,,,,,,,,,,,,,,,,,,,,,,,,,,,,,,,,,,,,,,,,,,,,,,,,,,,,,,,,,,,,,,,,,,,,,,,
dashboard.activity-row.edit,Edit,,,,,,,,,,,,,,,,,,,,,,,,,,,,,,,,,,,,,,Editer,,,,,,,,,,,,,,,,,,,,,,,,,,,,,,,,,,,,,,,,,,,,,,,,,,,,,,,,,,,,,,,,,,,,,,,,,,,,,,,,,,,,,,,,,,,,,,,,,,,,,,,,,,,,,,,,
dashboard.activity-row.view-permalink,"View Permalink",,,,,,,,,,,,,,,,,,,,,,,,,,,,,,,,,,,,,,"Voir le permalien",,,,,,,,,,,,,,,,,,,,,,,,,,,,,,,,,,,,,,,,,,,,,,,,,,,,,,,,,,,,,,,,,,,,,,,,,,,,,,,,,,,,,,,,,,,,,,,,,,,,,,,,,,,,,,,,
dashboard.activity-row.by,by,,,,,,,,,,,,,,,,,,,,,,,,,,,,,,,,,,,,,,par,,,,,,,,,,,,,,,,,,,,,,,,,,,,,,,,,,,,,,,,,,,,,,,,,,,,,,,,,,,,,,,,,,,,,,,,,,,,,,,,,,,,,,,,,,,,,,,,,,,,,,,,,,,,,,,,
dashboard.unknown-author,Unknown,,,,,,,,,,,,,,,,,,,,,,,,,,,,,,,,,,,,,,Inconnu,,,,,,,,,,,,,,,,,,,,,,,,,,,,,,,,,,,,,,,,,,,,,,,,,,,,,,,,,,,,,,,,,,,,,,,,,,,,,,,,,,,,,,,,,,,,,,,,,,,,,,,,,,,,,,,,
fields.block-editor.add-item,"Add item",,,,,,,,,,,,,,,,,,,,,,,,,,,,,,,,,,,,,,Ajouter,,,,,,,,,,,,,,,,,,,,,,,,,,,,,,,,,,,,,,,,,,,,,,,,,,,,,,,,,,,,,,,,,,,,,,,,,,,,,,,,,,,,,,,,,,,,,,,,,,,,,,,,,,,,,,,,
fields.medias.alt-text,"Alt Text",,,,,,,,,,,,,,,,,,,,,,,,,,,,,,,,,,,,,,"Texte alternatif",,,,,,,,,,,,,,,,,,,,,,,,,,,,,,,,,,,,,,,,,,,,,,,,,,,,,,,,,,,,,,,,,,,,,,,,,,,,,,,,,,,,,,,,,,,,,,,,,,,,,,,,,,,,,,,,
fields.medias.caption,Caption,,,,,,,,,,,,,,,,,,,,,,,,,,,,,,,,,,,,,,Légende,,,,,,,,,,,,,,,,,,,,,,,,,,,,,,,,,,,,,,,,,,,,,,,,,,,,,,,,,,,,,,,,,,,,,,,,,,,,,,,,,,,,,,,,,,,,,,,,,,,,,,,,,,,,,,,,
fields.medias.video-url,"Video URL (optional)",,,,,,,,,,,,,,,,,,,,,,,,,,,,,,,,,,,,,,"URL vidéo (optionnel)",,,,,,,,,,,,,,,,,,,,,,,,,,,,,,,,,,,,,,,,,,,,,,,,,,,,,,,,,,,,,,,,,,,,,,,,,,,,,,,,,,,,,,,,,,,,,,,,,,,,,,,,,,,,,,,,
listing.bulk-selected-item,"item selected",,,,,,,,,,,,,,,,,,,,,,,,,,,,,,,,,,,,,,"contenu sélectionné",,,,,,,,,,,,,,,,,,,,,,,,,,,,,,,,,,,,,,,,,,,,,,,,,,,,,,,,,,,,,,,,,,,,,,,,,,,,,,,,,,,,,,,,,,,,,,,,,,,,,,,,,,,,,,,,
listing.bulk-selected-items,"items selected",,,,,,,,,,,,,,,,,,,,,,,,,,,,,,,,,,,,,,"contenus sélectionnés",,,,,,,,,,,,,,,,,,,,,,,,,,,,,,,,,,,,,,,,,,,,,,,,,,,,,,,,,,,,,,,,,,,,,,,,,,,,,,,,,,,,,,,,,,,,,,,,,,,,,,,,,,,,,,,,
listing.reorder.success,":modelTitle order changed!",,,,,,,,,,,,,,,,,,,,,,,,,,,,,,,,,,,,,,":modelTitle: position mise a jour !",,,,,,,,,,,,,,,,,,,,,,,,,,,,,,,,,,,,,,,,,,,,,,,,,,,,,,,,,,,,,,,,,,,,,,,,,,,,,,,,,,,,,,,,,,,,,,,,,,,,,,,,,,,,,,,,
listing.reorder.error,":modelTitle order was not changed. Something wrong happened!",,,,,,,,,,,,,,,,,,,,,,,,,,,,,,,,,,,,,,":modelTitle: position non mise a jour. Une erreur est servenue !",,,,,,,,,,,,,,,,,,,,,,,,,,,,,,,,,,,,,,,,,,,,,,,,,,,,,,,,,,,,,,,,,,,,,,,,,,,,,,,,,,,,,,,,,,,,,,,,,,,,,,,,,,,,,,,,
listing.restore.success,":modelTitle restored!",,,,,,,,,,,,,,,,,,,,,,,,,,,,,,,,,,,,,,":modelTitle restauré !",,,,,,,,,,,,,,,,,,,,,,,,,,,,,,,,,,,,,,,,,,,,,,,,,,,,,,,,,,,,,,,,,,,,,,,,,,,,,,,,,,,,,,,,,,,,,,,,,,,,,,,,,,,,,,,,
listing.restore.error,":modelTitle was not restored. Something wrong happened!",,,,,,,,,,,,,,,,,,,,,,,,,,,,,,,,,,,,,,":modelTitle non restauré. Une erreur est servenue !",,,,,,,,,,,,,,,,,,,,,,,,,,,,,,,,,,,,,,,,,,,,,,,,,,,,,,,,,,,,,,,,,,,,,,,,,,,,,,,,,,,,,,,,,,,,,,,,,,,,,,,,,,,,,,,,
listing.bulk-restore.success,":modelTitle items restored!",,,,,,,,,,,,,,,,,,,,,,,,,,,,,,,,,,,,,,":modelTitle: plusieurs contenus restaurés !",,,,,,,,,,,,,,,,,,,,,,,,,,,,,,,,,,,,,,,,,,,,,,,,,,,,,,,,,,,,,,,,,,,,,,,,,,,,,,,,,,,,,,,,,,,,,,,,,,,,,,,,,,,,,,,,
listing.bulk-restore.error,":modelTitle items were not restored. Something wrong happened!",,,,,,,,,,,,,,,,,,,,,,,,,,,,,,,,,,,,,,":modelTitle: plusieurs contenus non restaurés. Une erreur est servenue !",,,,,,,,,,,,,,,,,,,,,,,,,,,,,,,,,,,,,,,,,,,,,,,,,,,,,,,,,,,,,,,,,,,,,,,,,,,,,,,,,,,,,,,,,,,,,,,,,,,,,,,,,,,,,,,,
listing.force-delete.success,":modelTitle destroyed!",,,,,,,,,,,,,,,,,,,,,,,,,,,,,,,,,,,,,,":modelTitle détruit !",,,,,,,,,,,,,,,,,,,,,,,,,,,,,,,,,,,,,,,,,,,,,,,,,,,,,,,,,,,,,,,,,,,,,,,,,,,,,,,,,,,,,,,,,,,,,,,,,,,,,,,,,,,,,,,,
listing.force-delete.error,":modelTitle was not destroyed. Something wrong happened!",,,,,,,,,,,,,,,,,,,,,,,,,,,,,,,,,,,,,,":modelTitle non détruit. Une erreur est servenue !",,,,,,,,,,,,,,,,,,,,,,,,,,,,,,,,,,,,,,,,,,,,,,,,,,,,,,,,,,,,,,,,,,,,,,,,,,,,,,,,,,,,,,,,,,,,,,,,,,,,,,,,,,,,,,,,
listing.bulk-force-delete.success,":modelTitle items destroyed!",,,,,,,,,,,,,,,,,,,,,,,,,,,,,,,,,,,,,,":modelTitle: plusieurs contenus détruits !",,,,,,,,,,,,,,,,,,,,,,,,,,,,,,,,,,,,,,,,,,,,,,,,,,,,,,,,,,,,,,,,,,,,,,,,,,,,,,,,,,,,,,,,,,,,,,,,,,,,,,,,,,,,,,,,
listing.bulk-force-delete.error,":modelTitle items were not destroyed. Something wrong happened!",,,,,,,,,,,,,,,,,,,,,,,,,,,,,,,,,,,,,,":modelTitle: plusieurs contenus non détruits. Une erreur est servenue !",,,,,,,,,,,,,,,,,,,,,,,,,,,,,,,,,,,,,,,,,,,,,,,,,,,,,,,,,,,,,,,,,,,,,,,,,,,,,,,,,,,,,,,,,,,,,,,,,,,,,,,,,,,,,,,,
listing.delete.success,":modelTitle moved to trash!",,,,,,,,,,,,,,,,,,,,,,,,,,,,,,,,,,,,,,":modelTitle déplacé dans la corbeille !",,,,,,,,,,,,,,,,,,,,,,,,,,,,,,,,,,,,,,,,,,,,,,,,,,,,,,,,,,,,,,,,,,,,,,,,,,,,,,,,,,,,,,,,,,,,,,,,,,,,,,,,,,,,,,,,
listing.delete.error,":modelTitle was not moved to trash. Something wrong happened!",,,,,,,,,,,,,,,,,,,,,,,,,,,,,,,,,,,,,,":modelTitle non déplacé dans la corbeille. Une erreur est servenue !",,,,,,,,,,,,,,,,,,,,,,,,,,,,,,,,,,,,,,,,,,,,,,,,,,,,,,,,,,,,,,,,,,,,,,,,,,,,,,,,,,,,,,,,,,,,,,,,,,,,,,,,,,,,,,,,
listing.bulk-delete.success,":modelTitle items moved to trash!",,,,,,,,,,,,,,,,,,,,,,,,,,,,,,,,,,,,,,":modelTitle: plusieurs contenus mis a la corbeille !",,,,,,,,,,,,,,,,,,,,,,,,,,,,,,,,,,,,,,,,,,,,,,,,,,,,,,,,,,,,,,,,,,,,,,,,,,,,,,,,,,,,,,,,,,,,,,,,,,,,,,,,,,,,,,,,
listing.bulk-delete.error,":modelTitle items were not moved to trash. Something wrong happened!",,,,,,,,,,,,,,,,,,,,,,,,,,,,,,,,,,,,,,":modelTitle: plusieurs contenus non déplacé dans la corbeille. Une erreur est servenue !",,,,,,,,,,,,,,,,,,,,,,,,,,,,,,,,,,,,,,,,,,,,,,,,,,,,,,,,,,,,,,,,,,,,,,,,,,,,,,,,,,,,,,,,,,,,,,,,,,,,,,,,,,,,,,,,
listing.duplicate.success,":modelTitle duplicated with Success!",,,,,,,,,,,,,,,,,,,,,,,,,,,,,,,,,,,,,,":modelTitle dupliqué avec succès !",,,,,,,,,,,,,,,,,,,,,,,,,,,,,,,,,,,,,,,,,,,,,,,,,,,,,,,,,,,,,,,,,,,,,,,,,,,,,,,,,,,,,,,,,,,,,,,,,,,,,,,,,,,,,,,,
listing.duplicate.error,":modelTitle was not duplicated. Something wrong happened!",,,,,,,,,,,,,,,,,,,,,,,,,,,,,,,,,,,,,,":modelTitle n'a pas été dupliqué. Une erreur est servenue !",,,,,,,,,,,,,,,,,,,,,,,,,,,,,,,,,,,,,,,,,,,,,,,,,,,,,,,,,,,,,,,,,,,,,,,,,,,,,,,,,,,,,,,,,,,,,,,,,,,,,,,,,,,,,,,,
listing.publish.unpublished,":modelTitle unpublished!",,,,,,,,,,,,,,,,,,,,,,,,,,,,,,,,,,,,,,":modelTitle dépublié !",,,,,,,,,,,,,,,,,,,,,,,,,,,,,,,,,,,,,,,,,,,,,,,,,,,,,,,,,,,,,,,,,,,,,,,,,,,,,,,,,,,,,,,,,,,,,,,,,,,,,,,,,,,,,,,,
listing.publish.published,":modelTitle published!",,,,,,,,,,,,,,,,,,,,,,,,,,,,,,,,,,,,,,":modelTitle publié !",,,,,,,,,,,,,,,,,,,,,,,,,,,,,,,,,,,,,,,,,,,,,,,,,,,,,,,,,,,,,,,,,,,,,,,,,,,,,,,,,,,,,,,,,,,,,,,,,,,,,,,,,,,,,,,,
listing.publish.error,":modelTitle was not published. Something wrong happened!",,,,,,,,,,,,,,,,,,,,,,,,,,,,,,,,,,,,,,":modelTitle n'a pas été publié. Une erreur est servenue !",,,,,,,,,,,,,,,,,,,,,,,,,,,,,,,,,,,,,,,,,,,,,,,,,,,,,,,,,,,,,,,,,,,,,,,,,,,,,,,,,,,,,,,,,,,,,,,,,,,,,,,,,,,,,,,,
listing.featured.unfeatured,":modelTitle unfeatured!",,,,,,,,,,,,,,,,,,,,,,,,,,,,,,,,,,,,,,":modelTitle n'est plus mis en avant !",,,,,,,,,,,,,,,,,,,,,,,,,,,,,,,,,,,,,,,,,,,,,,,,,,,,,,,,,,,,,,,,,,,,,,,,,,,,,,,,,,,,,,,,,,,,,,,,,,,,,,,,,,,,,,,,
listing.featured.featured,":modelTitle featured!",,,,,,,,,,,,,,,,,,,,,,,,,,,,,,,,,,,,,,":modelTitle est mis en avant !",,,,,,,,,,,,,,,,,,,,,,,,,,,,,,,,,,,,,,,,,,,,,,,,,,,,,,,,,,,,,,,,,,,,,,,,,,,,,,,,,,,,,,,,,,,,,,,,,,,,,,,,,,,,,,,,
listing.featured.error,":modelTitle was not featured. Something wrong happened!",,,,,,,,,,,,,,,,,,,,,,,,,,,,,,,,,,,,,,":modelTitle n'est pas mis en avant. Une erreur est servenue !",,,,,,,,,,,,,,,,,,,,,,,,,,,,,,,,,,,,,,,,,,,,,,,,,,,,,,,,,,,,,,,,,,,,,,,,,,,,,,,,,,,,,,,,,,,,,,,,,,,,,,,,,,,,,,,,
listing.bulk-featured.unfeatured,":modelTitle items unfeatured!",,,,,,,,,,,,,,,,,,,,,,,,,,,,,,,,,,,,,,":modelTitle: la sélection n'est plus mise en avant !",,,,,,,,,,,,,,,,,,,,,,,,,,,,,,,,,,,,,,,,,,,,,,,,,,,,,,,,,,,,,,,,,,,,,,,,,,,,,,,,,,,,,,,,,,,,,,,,,,,,,,,,,,,,,,,,
listing.bulk-featured.featured,":modelTitle items featured!",,,,,,,,,,,,,,,,,,,,,,,,,,,,,,,,,,,,,,":modelTitle: la sélection est mise en avant !",,,,,,,,,,,,,,,,,,,,,,,,,,,,,,,,,,,,,,,,,,,,,,,,,,,,,,,,,,,,,,,,,,,,,,,,,,,,,,,,,,,,,,,,,,,,,,,,,,,,,,,,,,,,,,,,
listing.bulk-featured.error,":modelTitle items were not featured. Something wrong happened!",,,,,,,,,,,,,,,,,,,,,,,,,,,,,,,,,,,,,,":modelTitle: la sélection n'a pas été mise en avant. Une erreur est servenue !",,,,,,,,,,,,,,,,,,,,,,,,,,,,,,,,,,,,,,,,,,,,,,,,,,,,,,,,,,,,,,,,,,,,,,,,,,,,,,,,,,,,,,,,,,,,,,,,,,,,,,,,,,,,,,,,
media-library.no-tags-found,"Sorry, no tags found.",,,,,,,,,,,,,,,,,,,,,,,,,,,,,,,,,,,,,,"Désolé, aucun tag trouvé.",,,,,,,,,,,,,,,,,,,,,,,,,,,,,,,,,,,,,,,,,,,,,,,,,,,,,,,,,,,,,,,,,,,,,,,,,,,,,,,,,,,,,,,,,,,,,,,,,,,,,,,,,,,,,,,,
media-library.dialogs.delete.delete-media-title,"Delete media",,,,,,,,,,,,,,,,,,,,,,,,,,,,,,,,,,,,,,"Supprimer le média",,,,,,,,,,,,,,,,,,,,,,,,,,,,,,,,,,,,,,,,,,,,,,,,,,,,,,,,,,,,,,,,,,,,,,,,,,,,,,,,,,,,,,,,,,,,,,,,,,,,,,,,,,,,,,,,
media-library.dialogs.delete.delete-media-desc,"Are you sure ?<br />This change can't be undone.",,,,,,,,,,,,,,,,,,,,,,,,,,,,,,,,,,,,,,"Êtes-vous sûr ?<br />Ce changement ne peut être annulé.",,,,,,,,,,,,,,,,,,,,,,,,,,,,,,,,,,,,,,,,,,,,,,,,,,,,,,,,,,,,,,,,,,,,,,,,,,,,,,,,,,,,,,,,,,,,,,,,,,,,,,,,,,,,,,,,
media-library.dialogs.delete.delete-media-confirm,Delete,,,,,,,,,,,,,,,,,,,,,,,,,,,,,,,,,,,,,,Supprimer,,,,,,,,,,,,,,,,,,,,,,,,,,,,,,,,,,,,,,,,,,,,,,,,,,,,,,,,,,,,,,,,,,,,,,,,,,,,,,,,,,,,,,,,,,,,,,,,,,,,,,,,,,,,,,,,
media-library.dialogs.delete.title,"Are you sure ?",,,,,,,,,,,,,,,,,,,,,,,,,,,,,,,,,,,,,,"Êtes-vous sûr ?",,,,,,,,,,,,,,,,,,,,,,,,,,,,,,,,,,,,,,,,,,,,,,,,,,,,,,,,,,,,,,,,,,,,,,,,,,,,,,,,,,,,,,,,,,,,,,,,,,,,,,,,,,,,,,,,
media-library.dialogs.delete.allow-delete-multiple-medias,"Some files are used and can't be deleted. Do you want to delete the others ?",,,,,,,,,,,,,,,,,,,,,,,,,,,,,,,,,,,,,,"Certains fichiers sont utilisés par du contenu et ne peuvent pas etre supprimés. Voulez-vous supprimer les autres ?",,,,,,,,,,,,,,,,,,,,,,,,,,,,,,,,,,,,,,,,,,,,,,,,,,,,,,,,,,,,,,,,,,,,,,,,,,,,,,,,,,,,,,,,,,,,,,,,,,,,,,,,,,,,,,,,
media-library.dialogs.delete.allow-delete-one-media,"This file is used and can't be deleted. Do you want to delete the others ?",,,,,,,,,,,,,,,,,,,,,,,,,,,,,,,,,,,,,,"Ce fichier est utilisé par du contenu et ne peux pas etre supprimé. Voulez-vous supprimer les autres ?",,,,,,,,,,,,,,,,,,,,,,,,,,,,,,,,,,,,,,,,,,,,,,,,,,,,,,,,,,,,,,,,,,,,,,,,,,,,,,,,,,,,,,,,,,,,,,,,,,,,,,,,,,,,,,,,
media-library.dialogs.delete.dont-allow-delete-multiple-medias,"This files are used and can't be deleted.",,,,,,,,,,,,,,,,,,,,,,,,,,,,,,,,,,,,,,"Ces fichiers sont utilisés par du contenu et ne peuvent pas etre supprimés.",,,,,,,,,,,,,,,,,,,,,,,,,,,,,,,,,,,,,,,,,,,,,,,,,,,,,,,,,,,,,,,,,,,,,,,,,,,,,,,,,,,,,,,,,,,,,,,,,,,,,,,,,,,,,,,,
media-library.dialogs.delete.dont-allow-delete-one-media,"This file is used and can't be deleted.",,,,,,,,,,,,,,,,,,,,,,,,,,,,,,,,,,,,,,"Ce fichier est utilisé par du contenu et ne peux pas etre supprimé.",,,,,,,,,,,,,,,,,,,,,,,,,,,,,,,,,,,,,,,,,,,,,,,,,,,,,,,,,,,,,,,,,,,,,,,,,,,,,,,,,,,,,,,,,,,,,,,,,,,,,,,,,,,,,,,,
media-library.dialogs.replace.replace-media-title,"Replace media",,,,,,,,,,,,,,,,,,,,,,,,,,,,,,,,,,,,,,"Remplacer le média",,,,,,,,,,,,,,,,,,,,,,,,,,,,,,,,,,,,,,,,,,,,,,,,,,,,,,,,,,,,,,,,,,,,,,,,,,,,,,,,,,,,,,,,,,,,,,,,,,,,,,,,,,,,,,,,
media-library.dialogs.replace.replace-media-desc,"Are you sure ?<br />This change can't be undone.",,,,,,,,,,,,,,,,,,,,,,,,,,,,,,,,,,,,,,"Êtes-vous sûr ?<br />Ce changement ne peut être annulé.",,,,,,,,,,,,,,,,,,,,,,,,,,,,,,,,,,,,,,,,,,,,,,,,,,,,,,,,,,,,,,,,,,,,,,,,,,,,,,,,,,,,,,,,,,,,,,,,,,,,,,,,,,,,,,,,
media-library.dialogs.replace.replace-media-confirm,Replace,,,,,,,,,,,,,,,,,,,,,,,,,,,,,,,,,,,,,,Remplacer,,,,,,,,,,,,,,,,,,,,,,,,,,,,,,,,,,,,,,,,,,,,,,,,,,,,,,,,,,,,,,,,,,,,,,,,,,,,,,,,,,,,,,,,,,,,,,,,,,,,,,,,,,,,,,,,
media-library.types.single.image,image,,,,,,,,,,,,,,,,,,,,,,,,,,,,,,,,,,,,,,image,,,,,,,,,,,,,,,,,,,,,,,,,,,,,,,,,,,,,,,,,,,,,,,,,,,,,,,,,,,,,,,,,,,,,,,,,,,,,,,,,,,,,,,,,,,,,,,,,,,,,,,,,,,,,,,,
media-library.types.single.video,video,,,,,,,,,,,,,,,,,,,,,,,,,,,,,,,,,,,,,,vidéo,,,,,,,,,,,,,,,,,,,,,,,,,,,,,,,,,,,,,,,,,,,,,,,,,,,,,,,,,,,,,,,,,,,,,,,,,,,,,,,,,,,,,,,,,,,,,,,,,,,,,,,,,,,,,,,,
media-library.types.single.file,file,,,,,,,,,,,,,,,,,,,,,,,,,,,,,,,,,,,,,,fichier,,,,,,,,,,,,,,,,,,,,,,,,,,,,,,,,,,,,,,,,,,,,,,,,,,,,,,,,,,,,,,,,,,,,,,,,,,,,,,,,,,,,,,,,,,,,,,,,,,,,,,,,,,,,,,,,
media-library.types.multiple.image,images,,,,,,,,,,,,,,,,,,,,,,,,,,,,,,,,,,,,,,images,,,,,,,,,,,,,,,,,,,,,,,,,,,,,,,,,,,,,,,,,,,,,,,,,,,,,,,,,,,,,,,,,,,,,,,,,,,,,,,,,,,,,,,,,,,,,,,,,,,,,,,,,,,,,,,,
media-library.types.multiple.video,videos,,,,,,,,,,,,,,,,,,,,,,,,,,,,,,,,,,,,,,vidéos,,,,,,,,,,,,,,,,,,,,,,,,,,,,,,,,,,,,,,,,,,,,,,,,,,,,,,,,,,,,,,,,,,,,,,,,,,,,,,,,,,,,,,,,,,,,,,,,,,,,,,,,,,,,,,,,
media-library.types.multiple.file,files,,,,,,,,,,,,,,,,,,,,,,,,,,,,,,,,,,,,,,fichiers,,,,,,,,,,,,,,,,,,,,,,,,,,,,,,,,,,,,,,,,,,,,,,,,,,,,,,,,,,,,,,,,,,,,,,,,,,,,,,,,,,,,,,,,,,,,,,,,,,,,,,,,,,,,,,,,
settings.update,Update,,,,,,,,,,,,,,,,,,,,,,,,,,,,,,,,,,,,,,"Mettre à jour",,,,,,,,,,,,,,,,,,,,,,,,,,,,,,,,,,,,,,,,,,,,,,,,,,,,,,,,,,,,,,,,,,,,,,,,,,,,,,,,,,,,,,,,,,,,,,,,,,,,,,,,,,,,,,,,
settings.cancel,Cancel,,,,,,,,,,,,,,,,,,,,,,,,,,,,,,,,,,,,,,Annuler,,,,,,,,,,,,,,,,,,,,,,,,,,,,,,,,,,,,,,,,,,,,,,,,,,,,,,,,,,,,,,,,,,,,,,,,,,,,,,,,,,,,,,,,,,,,,,,,,,,,,,,,,,,,,,,,
settings.fieldset-label,"Edit settings",,,,,,,,,,,,,,,,,,,,,,,,,,,,,,,,,,,,,,"Editer paramètres",,,,,,,,,,,,,,,,,,,,,,,,,,,,,,,,,,,,,,,,,,,,,,,,,,,,,,,,,,,,,,,,,,,,,,,,,,,,,,,,,,,,,,,,,,,,,,,,,,,,,,,,,,,,,,,,
notifications.reset.subject,":appName | Reset password",,,,,,,,,,,,,,,,,,,,,,,,,,,,,,,,,,,,,,":appName | Mot de passe oublié",,,,,,,,,,,,,,,,,,,,,,,,,,,,,,,,,,,,,,,,,,,,,,,,,,,,,,,,,,,,,,,,,,,,,,,,,,,,,,,,,,,,,,,,,,,,,,,,,,,,,,,,,,,,,,,,
notifications.welcome.subject,":appName | Welcome",,,,,,,,,,,,,,,,,,,,,,,,,,,,,,,,,,,,,,":appName | Bienvenue",,,,,,,,,,,,,,,,,,,,,,,,,,,,,,,,,,,,,,,,,,,,,,,,,,,,,,,,,,,,,,,,,,,,,,,,,,,,,,,,,,,,,,,,,,,,,,,,,,,,,,,,,,,,,,,,
previewer.drag-and-drop,"Drag and drop content from the left navigation",,,,,,,,,,,,,,,,,,,,,,,,,,,,,,,,,,,,,,"Glisser et déposer des blocs",,,,,,,,,,,,,,,,,,,,,,,,,,,,,,,,,,,,,,,,,,,,,,,,,,,,,,,,,,,,,,,,,,,,,,,,,,,,,,,,,,,,,,,,,,,,,,,,,,,,,,,,,,,,,,,,
dashboard.activities.restored,Restored,,,,,,,,,,,,,,,,,,,,,,,,,,,,,,,,,,,,,,Restauré,,,,,,,,,,,,,,,,,,,,,,,,,,,,,,,,,,,,,,,,,,,,,,,,,,,,,,,,,,,,,,,,,,,,,,,,,,,,,,,,,,,,,,,,,,,,,,,,,,,,,,,,,,,,,,,,
dashboard.activities.deleted,Deleted,,,,,,,,,,,,,,,,,,,,,,,,,,,,,,,,,,,,,,Supprimé,,,,,,,,,,,,,,,,,,,,,,,,,,,,,,,,,,,,,,,,,,,,,,,,,,,,,,,,,,,,,,,,,,,,,,,,,,,,,,,,,,,,,,,,,,,,,,,,,,,,,,,,,,,,,,,,
